date, pm25, pm10, o3, no2, so2, co
2020/3/1, 133, 52, , 6, 6, 8
2020/3/2, 121, 53, , 10, 5, 10
2020/3/3, 125, 54, , 9, 7, 9
2020/3/4, 135, 53, , 11, 7, 9
2020/3/5, 148, 51, , 9, 6, 12
2020/3/6, 154, 51, , 9, 7, 14
2020/3/7, 150, 45, , 9, 7, 17
2020/3/8, 141, 32, , 6, 5, 10
2020/3/9, 116, 85, , 6, 5, 3
2020/3/10, 80, 84, , 6, 7, 5
2020/3/11, 116, 59, , 8, 7, 10
2020/3/12, 152, 67, , 7, 6, 8
2020/3/13, 134, 72, , 9, 6, 5
2020/3/14, 117, 83, , 8, 7, 6
2020/3/15, 124, 83, , 15, 7, 6
2020/3/16, 163, 58, , 5, 7, 11
2020/3/17, 115, 60, , 10, 6, 14
2020/3/18, 130, 105, , 8, 8, 7
2020/3/19, 109, 99, , 11, 10, 7
2020/3/20, 136, 62, , 15, 12, 5
2020/3/21, 145, 73, , 6, 5, 3
2020/3/22, 134, 69, , 7, 5, 6
2020/3/23, 162, 73, , 11, 8, 8
2020/3/24, 173, 55, , 8, 6, 7
2020/3/25, 128, 44, , 8, 5, 7
2020/3/26, 100, 21, , 4, 3, 3
2020/3/27, 52, 26, , 5, 3, 3
2020/3/28, 74, 11, , 3, 3, 3
2020/3/29, 66, , , , , 
2020/2/1, 179, 58, , 9, 8, 8
2020/2/2, 153, 70, , 11, 8, 9
2020/2/3, 168, 85, , 15, 9, 9
2020/2/4, 186, 100, , 13, 6, 10
2020/2/5, 202, 26, , 6, 4, 6
2020/2/6, 101, 33, , 6, 5, 6
2020/2/7, 121, 43, , 8, 5, 7
2020/2/8, 118, 54, , 7, 6, 7
2020/2/9, 147, 44, , 9, 7, 8
2020/2/10, 136, 48, , 8, 6, 8
2020/2/11, 148, 47, , 7, 7, 8
2020/2/12, 151, 44, , 6, 5, 9
2020/2/13, 132, 75, , 6, 7, 8
2020/2/14, 138, 35, , 5, 5, 6
2020/2/15, 56, 37, , 6, 5, 6
2020/2/16, 82, 33, , 7, 7, 6
2020/2/17, 65, 39, , 8, 6, 6
2020/2/18, 94, 58, , 10, 7, 7
2020/2/19, 145, 50, , 11, 8, 7
2020/2/20, 130, 57, , 6, 6, 6
2020/2/21, 142, 63, , 7, 7, 6
2020/2/22, 151, 64, , 8, 6, 7
2020/2/23, 159, 66, , 9, 6, 10
2020/2/24, 167, 74, , 8, 7, 10
2020/2/25, 174, , , 8, 6, 9
2020/2/26, 168, 53, , 7, 5, 7
2020/2/27, 133, 21, , 5, 5, 8
2020/2/28, 86, 32, , 7, 5, 8
2020/2/29, 115, 49, , 7, 5, 9
2020/1/1, 162, 84, , 20, 6, 9
2020/1/2, 181, 95, , 22, 6, 9
2020/1/3, 186, 100, , 33, 8, 15
2020/1/4, 207, , , 21, 4, 12
2020/1/5, 159, , , 14, 3, 13
2020/1/6, 94, 35, , 18, 5, 15
2020/1/7, 103, 52, , 19, 6, 11
2020/1/8, 147, 14, , 9, 3, 7
2020/1/9, 99, 46, , 11, 4, 7
2020/1/10, 141, 54, , 18, 6, 10
2020/1/11, 153, 56, , 21, 5, 9
2020/1/12, 151, 75, , 20, 7, 10
2020/1/13, 174, 90, , 18, 7, 12
2020/1/14, 191, 79, , 13, 5, 9
2020/1/15, 186, 67, , 11, 5, 9
2020/1/16, 173, 95, , 21, 5, 12
2020/1/17, 192, 77, , 22, 5, 12
2020/1/18, 200, 74, , 23, 6, 13
2020/1/19, 182, 83, , 25, 8, 13
2020/1/20, 183, 87, , 23, 7, 12
2020/1/21, 189, 75, , 11, 5, 7
2020/1/22, 187, 75, , 11, 5, 8
2020/1/23, 191, , , 9, 4, 9
2020/1/24, 162, 70, , 11, 4, 10
2020/1/25, 188, 61, , 7, 5, 4
2020/1/26, 165, 54, , 8, 5, 6
2020/1/27, 164, 58, , 10, 6, 9
2020/1/28, 157, 62, , 12, 6, 9
2020/1/29, 156, 60, , 12, 7, 9
2020/1/30, 159, 68, , 14, 10, 9
2020/1/31, 176, 72, , 17, 10, 9
2019/10/1, 124, 61, , 16, 6, 8
2019/10/2, 84, 75, , 27, 18, 8
2019/10/3, 134, 71, , 13, 8, 8
2019/10/4, 135, 19, , 7, 3, 6
2019/10/5, 44, 15, , 8, 3, 5
2019/10/6, 74, 20, , 8, 4, 5
2019/10/7, 57, 23, , 8, 3, 6
2019/10/8, 62, 36, , 11, 5, 7
2019/10/9, 76, 35, , 11, 3, 7
2019/10/10, 71, 38, , 11, 4, 8
2019/10/11, 86, 40, , 8, 3, 6
2019/10/12, 123, 48, , 10, 4, 7
2019/10/13, 138, 57, , 11, 4, 7
2019/10/14, 140, 49, , 12, 4, 4
2019/10/15, 101, 41, , 11, 3, 5
2019/10/16, 148, 47, , 14, 3, 7
2019/10/17, 124, 53, , 24, 5, 9
2019/10/18, 114, 60, , 27, 5, 8
2019/10/19, 127, 63, , 22, 6, 9
2019/10/20, 141, 60, , 10, 7, 8
2019/10/21, 141, 49, , 7, 3, 8
2019/10/22, 142, 41, , 14, 4, 8
2019/10/23, 93, 47, , 14, 5, 7
2019/10/24, 100, 30, , 8, 3, 3
2019/10/25, 53, 51, , 14, 5, 5
2019/10/26, 93, 43, , 15, 5, 5
2019/10/27, 87, 75, , 23, 6, 7
2019/10/28, 120, 70, , 20, 6, 7
2019/10/29, 102, 90, , 30, 8, 7
2019/10/30, 139, 99, , 35, 8, 10
2019/10/31, 153, 94, , 31, 6, 9
2019/11/1, 147, 95, , 16, 8, 8
2019/11/2, 167, 66, , 13, 6, 7
2019/11/3, 138, 95, , 14, 5, 10
2019/11/4, 192, 73, , 20, 6, 10
2019/11/5, 160, 72, , 17, 7, 10
2019/11/6, 164, 69, , 17, 6, 8
2019/11/7, 162, 79, , 24, 7, 9
2019/11/8, 170, 82, , 32, 7, 11
2019/11/9, 176, 65, , 21, 6, 9
2019/11/10, 133, 79, , 26, 9, 9
2019/11/11, 168, 80, , 23, 6, 8
2019/11/12, 158, 45, , 16, 5, 5
2019/11/13, 73, 52, , 18, 6, 4
2019/11/14, 77, 70, , 29, 11, 6
2019/11/15, 120, 81, , 32, 15, 9
2019/11/16, 153, 90, , 18, 6, 8
2019/11/17, 185, 59, , 14, 6, 4
2019/11/18, 66, 77, , 18, 8, 4
2019/11/19, 91, 79, , 30, 8, 7
2019/11/20, 129, 68, , 25, 6, 9
2019/11/21, 137, 70, , 25, 12, 8
2019/11/22, 147, 90, , 31, 11, 10
2019/11/23, 176, 59, , 12, 4, 6
2019/11/24, 148, 30, , 9, 3, 4
2019/11/25, 70, 40, , 14, 4, 4
2019/11/26, 101, 52, , 14, 3, 5
2019/11/27, 149, 81, , 25, 6, 9
2019/11/28, 171, 69, , 23, 5, 9
2019/11/29, 165, 61, , 16, 3, 5
2019/11/30, 162, 58, , 21, 5, 8
2019/12/1, 142, 53, , 25, 5, 7
2019/12/2, 112, 68, , 31, 7, 10
2019/12/3, 134, 67, , 28, 7, 9
2019/12/4, 152, 64, , 22, 7, 10
2019/12/5, 144, 91, , 28, 7, 11
2019/12/6, 180, 116, , 36, 8, 15
2019/12/7, 223, 120, , 38, 7, 15
2019/12/8, 221, 93, , 30, 6, 13
2019/12/9, 221, 107, , 31, 4, 15
2019/12/10, 211, 100, , 31, 8, 14
2019/12/11, 201, 92, , 24, 6, 12
2019/12/12, 195, 106, , 27, 5, 14
2019/12/13, 200, 106, , 20, 7, 11
2019/12/14, 213, 75, , 21, 6, 9
2019/12/15, 175, 47, , 16, 5, 9
2019/12/16, 140, 55, , 17, 7, 11
2019/12/17, 158, 54, , 14, 4, 9
2019/12/18, 155, 68, , 25, 6, 11
2019/12/19, 154, 71, , 28, 9, 10
2019/12/20, 172, 83, , 22, 7, 10
2019/12/21, 186, 52, , 16, 7, 7
2019/12/22, 166, 66, , 16, 7, 8
2019/12/23, 166, 73, , 20, 6, 12
2019/12/24, 208, 77, , 17, 4, 13
2019/12/25, 191, 60, , 17, 6, 11
2019/12/26, 128, 68, , 23, 9, 10
2019/12/27, 143, 76, , 29, 8, 10
2019/12/28, 171, 70, , 16, 4, 11
2019/12/29, 173, , , , , 
2019/7/1, 78, 60, , 18, 3, 8
2019/7/2, 88, 63, , 13, 4, 8
2019/7/3, 103, 57, , 14, 3, 8
2019/7/4, 91, 54, , 14, 2, 7
2019/7/5, 90, 58, , 8, 4, 8
2019/7/6, 118, 62, , 13, 13, 7
2019/7/7, 95, 54, , 10, 14, 6
2019/7/8, 107, 45, , 8, 5, 7
2019/7/9, 104, 52, , 13, 3, 9
2019/7/10, 89, 52, , 13, 6, 8
2019/7/11, 93, 30, , 10, 2, 7
2019/7/12, 65, 34, , 8, 2, 7
2019/7/13, 59, 33, , 8, 3, 8
2019/7/14, 65, 52, , 13, 4, 9
2019/7/15, 94, 52, , 16, 5, 11
2019/7/16, 93, 40, , 10, 1, 11
2019/7/17, 85, 22, , 5, 1, 8
2019/7/18, 55, 44, , 6, 2, 7
2019/7/19, 81, 63, , 9, 2, 9
2019/7/20, 130, 64, , 16, 5, 10
2019/7/21, 125, 51, , 10, 3, 8
2019/7/22, 105, 36, , 7, 1, 8
2019/7/23, 71, 31, , 6, 2, 8
2019/7/24, 61, 39, , 9, 1, 8
2019/7/25, 58, 34, , 6, 1, 8
2019/7/26, 46, 38, , 7, 3, 7
2019/7/27, 63, 41, , 9, 3, 7
2019/7/28, 71, 44, , 7, 2, 8
2019/7/29, 83, 38, , 11, 2, 7
2019/7/30, 72, 30, , 8, 2, 7
2019/7/31, 57, 44, , 13, 3, 8
2019/8/1, 67, 32, , 7, 2, 7
2019/8/2, 54, 39, , 7, 1, 8
2019/8/3, 75, 44, , 9, 1, 8
2019/8/4, 78, 50, , 12, 2, 9
2019/8/5, 83, 58, , 13, 2, 10
2019/8/6, 103, 33, , 7, 1, 8
2019/8/7, 69, 44, , 7, 1, 8
2019/8/8, 76, 46, , 7, 1, 8
2019/8/9, 83, 47, , 5, 2, 7
2019/8/10, 76, 43, , 9, 3, 9
2019/8/11, 76, 53, , 19, 4, 8
2019/8/12, 94, 53, , 18, 4, 9
2019/8/13, 76, 63, , 16, 5, 9
2019/8/14, 97, 52, , 13, 6, 9
2019/8/15, 87, 58, , 9, 13, 8
2019/8/16, 96, 63, , 13, 5, 10
2019/8/17, 121, 65, , 12, 7, 9
2019/8/18, 107, 62, , 17, 8, 9
2019/8/19, 110, 66, , 18, 7, 10
2019/8/20, 122, 72, , 12, 2, 11
2019/8/21, 137, 44, , 7, 1, 9
2019/8/22, 88, 59, , 8, 3, 10
2019/8/23, 126, 66, , 9, 2, 11
2019/8/24, 136, 63, , 8, 3, 11
2019/8/25, 112, 62, , 8, 3, 12
2019/8/26, 111, 27, , 7, 1, 9
2019/8/27, 67, 39, , 8, 2, 11
2019/8/28, 76, 43, , 11, 3, 10
2019/8/29, 63, 62, , 22, 6, 9
2019/8/30, 87, 47, , 16, 5, 7
2019/8/31, 65, 54, , 14, 5, 9
2019/9/1, 90, 53, , 8, 4, 8
2019/9/2, 99, 51, , 8, 3, 8
2019/9/3, 91, 64, , 11, 5, 11
2019/9/4, 123, 59, , 10, 4, 9
2019/9/5, 115, 64, , 14, 6, 8
2019/9/6, 115, 67, , 14, 8, 9
2019/9/7, 113, 65, , 15, 9, 8
2019/9/8, 121, 72, , 22, 10, 9
2019/9/9, 125, 70, , 14, 8, 8
2019/9/10, 129, 68, , 11, 6, 10
2019/9/11, 148, 69, , 13, 6, 11
2019/9/12, 152, 58, , 8, 4, 10
2019/9/13, 109, 36, , 6, 4, 7
2019/9/14, 55, 43, , 7, 5, 7
2019/9/15, 79, 23, , 6, 4, 8
2019/9/16, 56, 31, , 7, 3, 7
2019/9/17, 84, 27, , 7, 3, 7
2019/9/18, 75, 54, , 9, 4, 8
2019/9/19, 120, 49, , 8, 5, 8
2019/9/20, 84, 44, , 8, 5, 8
2019/9/21, 77, 58, , 11, 7, 9
2019/9/22, 94, 61, , 18, 11, 8
2019/9/23, 97, 73, , 28, 8, 9
2019/9/24, 96, 68, , 23, 6, 9
2019/9/25, 96, 64, , 25, 7, 8
2019/9/26, 96, 81, , 27, 10, 10
2019/9/27, 145, 77, , 28, 13, 9
2019/9/28, 137, 75, , 30, 18, 10
2019/9/29, 142, 67, , 36, 15, 12
2019/9/30, 143, 64, , 31, 11, 10
2019/4/1, 124, 35, , 12, 8, 6
2019/4/2, 102, 39, , 11, 5, 7
2019/4/3, 89, 58, , 19, 5, 7
2019/4/4, 122, 56, , 11, 5, 6
2019/4/5, 131, 58, , 15, 7, 6
2019/4/6, 120, 82, , 17, 8, 7
2019/4/7, 142, 70, , 17, 7, 8
2019/4/8, 124, 35, , 8, 4, 8
2019/4/9, 136, 33, , 8, 4, 6
2019/4/10, 107, 54, , 10, 5, 6
2019/4/11, 120, 54, , 13, 5, 6
2019/4/12, 123, 65, , 18, 6, 7
2019/4/13, 134, 57, , 18, 5, 5
2019/4/14, 101, 47, , 18, 6, 6
2019/4/15, 92, 49, , 11, 6, 5
2019/4/16, 89, 59, , 11, 6, 7
2019/4/17, 99, 61, , 19, 8, 8
2019/4/18, 101, 83, , 12, 5, 8
2019/4/19, 120, 84, , 9, 5, 7
2019/4/20, 153, 54, , 8, 3, 8
2019/4/21, 164, 63, , 8, 4, 9
2019/4/22, 170, 60, , 12, 5, 10
2019/4/23, 157, 75, , 20, 7, 11
2019/4/24, 164, 76, , 13, 6, 10
2019/4/25, 145, 46, , 9, 4, 7
2019/4/26, 91, 51, , 9, 4, 5
2019/4/27, 94, , , 9, 3, 6
2019/4/28, 151, 53, , 11, 5, 6
2019/4/29, 145, 93, , 21, 8, 9
2019/4/30, 141, 118, , 16, 8, 7
2019/5/1, 140, 79, , 20, 12, 6
2019/5/2, 116, 78, , 18, 10, 6
2019/5/3, 113, 100, , 20, 20, 7
2019/5/4, 157, 91, , 22, 8, 9
2019/5/5, 167, 64, , 8, 5, 5
2019/5/6, 106, 58, , 9, 5, 5
2019/5/7, 75, 57, , 12, 6, 4
2019/5/8, 82, 50, , 13, 6, 5
2019/5/9, 103, 50, , 18, 6, 6
2019/5/10, 98, 63, , 21, 8, 7
2019/5/11, 123, 82, , 27, 10, 8
2019/5/12, 131, 187, , 12, 8, 4
2019/5/13, 163, 123, , 20, 7, 6
2019/5/14, 162, 87, , 9, 15, 7
2019/5/15, 143, 77, , 12, 5, 8
2019/5/16, 161, 64, , 12, 4, 9
2019/5/17, 121, 71, , 14, 3, 9
2019/5/18, 140, 52, , 6, 2, 6
2019/5/19, 74, 83, , 13, 3, 5
2019/5/20, 76, 88, , 26, 6, 6
2019/5/21, 131, 70, , 22, 7, 8
2019/5/22, 129, 67, , 13, 5, 7
2019/5/23, 116, 77, , 11, 5, 9
2019/5/24, 151, 30, , 11, 2, 7
2019/5/25, 74, 33, , 11, 2, 8
2019/5/26, 66, 83, , 8, 3, 5
2019/5/27, 75, 61, , 8, 3, 4
2019/5/28, 79, 34, , 10, 4, 5
2019/5/29, 77, 45, , 7, 2, 5
2019/5/30, 130, 54, , 18, 4, 7
2019/5/31, 141, 55, , 15, 5, 7
2019/6/1, 116, 65, , 7, 5, 6
2019/6/2, 132, 72, , 13, 4, 7
2019/6/3, 125, 67, , 13, 5, 6
2019/6/4, 109, 52, , 15, 5, 7
2019/6/5, 83, 28, , 8, 2, 6
2019/6/6, 42, 39, , 11, 5, 8
2019/6/7, 79, 49, , 11, 3, 8
2019/6/8, 91, 56, , 12, 3, 8
2019/6/9, 105, 62, , 11, 2, 7
2019/6/10, 95, 63, , 12, 4, 5
2019/6/11, 107, 27, , 9, 3, 5
2019/6/12, 57, 40, , 13, 4, 6
2019/6/13, 74, 52, , 11, 5, 7
2019/6/14, 96, 60, , 16, 1, 8
2019/6/15, 120, 41, , 11, 2, 6
2019/6/16, 77, 31, , 8, 2, 8
2019/6/17, 78, 37, , 7, 1, 8
2019/6/18, 78, 38, , 8, 2, 8
2019/6/19, 78, 51, , 10, 1, 9
2019/6/20, 94, 19, , 5, , 6
2019/6/21, 45, 36, , 7, 1, 6
2019/6/22, 79, 52, , 12, 1, 7
2019/6/23, 91, 56, , 14, 3, 7
2019/6/24, 97, 63, , 17, 5, 8
2019/6/25, 107, 64, , 17, 3, 8
2019/6/26, 133, 64, , 16, 4, 9
2019/6/27, 132, 44, , 11, 1, 8
2019/6/28, 84, 16, , 6, 1, 6
2019/6/29, 43, 46, , 10, 1, 6
2019/6/30, 71, 61, , 18, 3, 7
2019/1/1, 177, 100, , 27, 7, 12
2019/1/2, 187, 70, , 22, 8, 11
2019/1/3, 180, 76, , 20, 6, 10
2019/1/4, 209, , , 24, 12, 14
2019/1/5, 287, , , 33, 10, 18
2019/1/6, 360, , , 20, 7, 16
2019/1/7, 346, , , 23, 8, 15
2019/1/8, 324, 67, , 18, 3, 11
2019/1/9, 196, , , 14, 4, 10
2019/1/10, 173, 56, , 18, 5, 13
2019/1/11, 188, 74, , 18, 4, 14
2019/1/12, 186, 93, , 24, 7, 15
2019/1/13, 196, , , 19, 6, 14
2019/1/14, 218, 98, , 21, 7, 14
2019/1/15, 240, 90, , 20, 8, 10
2019/1/16, 158, 103, , 26, 12, 11
2019/1/17, 188, 83, , 19, 6, 12
2019/1/18, 165, 98, , 20, 6, 11
2019/1/19, 209, , , 25, 9, 12
2019/1/20, 262, 84, , 27, 11, 11
2019/1/21, 196, 89, , 32, 12, 11
2019/1/22, 179, 96, , 34, 15, 10
2019/1/23, 185, 97, , 41, 14, 12
2019/1/24, 192, 112, , 20, 10, 10
2019/1/25, 236, 70, , 16, 8, 7
2019/1/26, 156, 87, , 23, 11, 8
2019/1/27, 180, 100, , 23, 10, 9
2019/1/28, 196, 122, , 25, 10, 11
2019/1/29, 252, , , 16, 6, 11
2019/1/30, 228, 89, , 15, 5, 12
2019/1/31, 176, 73, , 17, 13, 12
2019/2/1, 189, 64, , 11, 3, 11
2019/2/2, 180, 90, , 11, 5, 7
2019/2/3, 133, 105, , 17, 13, 7
2019/2/4, 176, 126, , 15, 18, 10
2019/2/5, 259, 97, , 11, 7, 10
2019/2/6, 193, 103, , 11, 4, 10
2019/2/7, 210, 39, , 7, 4, 8
2019/2/8, 129, 38, , 8, 3, 7
2019/2/9, 150, 61, , 10, 4, 8
2019/2/10, 164, 67, , 14, 5, 8
2019/2/11, 168, , , 10, 5, 8
2019/2/12, 166, , , 8, 3, 8
2019/2/13, 168, , , 11, 3, 10
2019/2/14, 171, 62, , 11, 5, 11
2019/2/15, 159, 71, , 10, 4, 11
2019/2/16, 179, 59, , 10, 5, 7
2019/2/17, 163, , , 9, 3, 7
2019/2/18, 171, 85, , 16, 4, 8
2019/2/19, 178, , , 13, 5, 11
2019/2/20, 193, , , 9, 5, 9
2019/2/21, 201, 78, , 15, 7, 11
2019/2/22, 185, 80, , 16, 8, 9
2019/2/23, 185, 93, , 24, 10, 10
2019/2/24, 205, 127, , 30, 12, 12
2019/2/25, 230, 109, , 22, 7, 13
2019/2/26, 208, 77, , 13, 5, 8
2019/2/27, 167, 64, , 20, 9, 7
2019/2/28, 155, 52, , 19, 7, 7
2019/3/1, 152, 25, , 8, 4, 7
2019/3/2, 156, 67, , 15, 7, 9
2019/3/3, 166, 59, , 24, 9, 10
2019/3/4, 155, 66, , 16, 6, 9
2019/3/5, 138, 68, , 19, 9, 8
2019/3/6, 155, 81, , 14, 8, 6
2019/3/7, 133, 71, , 18, 10, 6
2019/3/8, 144, 72, , 20, 15, 8
2019/3/9, 169, 90, , 26, 13, 9
2019/3/10, 177, 80, , 22, 7, 7
2019/3/11, 120, 85, , 27, 8, 8
2019/3/12, 117, 89, , 25, 11, 7
2019/3/13, 151, 48, , 13, 3, 6
2019/3/14, 101, 60, , 18, 9, 6
2019/3/15, 122, 64, , 23, 13, 6
2019/3/16, 117, 61, , 21, 19, 6
2019/3/17, 143, 62, , 14, 8, 7
2019/3/18, 152, 57, , 19, 15, 8
2019/3/19, 144, 62, , 18, 7, 9
2019/3/20, 137, 79, , 12, 5, 5
2019/3/21, 98, 39, , 8, 3, 4
2019/3/22, 81, 49, , 17, 6, 6
2019/3/23, 103, 57, , 18, 7, 7
2019/3/24, 127, 53, , 13, 5, 6
2019/3/25, 123, 56, , 19, 7, 7
2019/3/26, 131, 68, , 19, 7, 9
2019/3/27, 158, 78, , 23, 9, 8
2019/3/28, 165, 89, , 17, 6, 9
2019/3/29, 185, 77, , 17, 6, 8
2019/3/30, 140, 57, , 13, 7, 6
2019/3/31, 112, 62, , 16, 7, 8
2018/10/1, 93, 57, , 26, 11, 6
2018/10/2, 76, 67, , 27, 12, 7
2018/10/3, 89, 71, , 22, 12, 6
2018/10/4, 93, 75, , 21, 11, 6
2018/10/5, 114, 83, , 36, 15, 9
2018/10/6, 147, 85, , 26, 13, 8
2018/10/7, 151, 84, , 19, 12, 8
2018/10/8, 168, 81, , 29, 9, 10
2018/10/9, 149, 63, , 20, 11, 6
2018/10/10, 69, 68, , 26, 17, 9
2018/10/11, 104, 75, , 30, 20, 9
2018/10/12, 117, 76, , 34, 17, 10
2018/10/13, 151, 51, , 18, 9, 8
2018/10/14, 119, 61, , 16, 9, 8
2018/10/15, 142, 60, , 15, 6, 7
2018/10/16, 150, 64, , 19, 10, 8
2018/10/17, 139, 73, , 16, 9, 9
2018/10/18, 165, 51, , 16, 9, 7
2018/10/19, 112, 52, , 15, 8, 6
2018/10/20, 117, 62, , 16, 8, 6
2018/10/21, 160, 42, , 15, 9, 6
2018/10/22, 98, 69, , 25, 14, 7
2018/10/23, 110, 94, , 26, 16, 8
2018/10/24, 165, 62, , 15, 24, 8
2018/10/25, 158, 55, , 15, 27, 5
2018/10/26, 74, 66, , 18, 30, 5
2018/10/27, 88, 74, , 25, 26, 7
2018/10/28, 122, 64, , 23, 30, 8
2018/10/29, 96, 65, , 23, 34, 7
2018/10/30, 89, 83, , 36, 31, 11
2018/10/31, 114, 93, , 43, 25, 13
2018/11/1, 163, 88, , 36, 27, 11
2018/11/2, 155, 82, , 35, 24, 10
2018/11/3, 158, 80, , 22, 25, 8
2018/11/4, 156, 46, , 13, 10, 7
2018/11/5, 117, 19, , 10, 8, 6
2018/11/6, 64, , , 12, 8, 6
2018/11/7, 114, 43, , 13, 11, 6
2018/11/8, 115, 50, , 18, 12, 9
2018/11/9, 125, 67, , 20, 12, 9
2018/11/10, 159, , , 15, 11, 7
2018/11/11, 165, 75, , 19, 10, 10
2018/11/12, 176, 76, , 24, 11, 10
2018/11/13, 171, , , 17, 15, 10
2018/11/14, 187, 56, , 14, 16, 8
2018/11/15, 175, , , 17, 13, 10
2018/11/16, 192, 15, , 14, 13, 8
2018/11/17, 105, 38, , 17, 14, 8
2018/11/18, 78, 55, , 23, 15, 9
2018/11/19, 109, 66, , 27, 17, 10
2018/11/20, 140, 67, , 21, 14, 8
2018/11/21, 150, 76, , 29, 19, 11
2018/11/22, 162, 74, , 25, 16, 9
2018/11/23, 158, 78, , 28, 15, 10
2018/11/24, 176, 90, , 31, 9, 12
2018/11/25, 194, 99, , 36, 9, 13
2018/11/26, 198, 82, , 29, 8, 12
2018/11/27, 183, 167, , 30, 10, 12
2018/11/28, 189, 138, , 32, 7, 12
2018/11/29, 214, 187, , 22, 5, 16
2018/11/30, 337, 150, , 23, 7, 16
2018/12/1, 286, , , 23, 6, 16
2018/12/2, 224, 106, , 16, 6, 13
2018/12/3, 176, 142, , 15, 7, 7
2018/12/4, 156, 128, , 15, 6, 7
2018/12/5, 137, 85, , 14, 5, 7
2018/12/6, 141, 72, , 15, 5, 8
2018/12/7, 158, 57, , 16, 4, 7
2018/12/8, 123, 72, , 22, 9, 8
2018/12/9, 163, 70, , 21, 8, 9
2018/12/10, 174, 74, , 20, 7, 9
2018/12/11, 179, 80, , 30, 7, 12
2018/12/12, 172, 94, , 39, 9, 14
2018/12/13, 176, 86, , 28, 8, 10
2018/12/14, 190, 109, , 27, 6, 11
2018/12/15, 221, 88, , 28, 8, 11
2018/12/16, 199, 113, , 38, 12, 15
2018/12/17, 198, 117, , 43, 15, 17
2018/12/18, 207, 122, , 35, 12, 13
2018/12/19, 233, , , 28, 6, 14
2018/12/20, 206, , , 26, 7, 14
2018/12/21, 299, , , , , 
2018/12/27, 169, 52, , 18, 4, 7
2018/12/28, 146, 62, , 15, 5, 8
2018/12/29, 154, 66, , 18, 9, 8
2018/12/30, 148, , , , , 
2018/7/1, 100, 66, , 14, 7, 9
2018/7/2, 145, 57, , 13, 4, 8
2018/7/3, 116, 44, , 12, 3, 8
2018/7/4, 84, 31, , 7, 4, 10
2018/7/5, 67, 53, , 9, 8, 8
2018/7/6, 107, 32, , 9, 5, 5
2018/7/7, 59, 40, , 10, 5, 6
2018/7/8, 79, 41, , 10, 5, 7
2018/7/9, 80, 44, , 12, 10, 7
2018/7/10, 77, 55, , 9, 4, 8
2018/7/11, 106, 40, , 9, 5, 7
2018/7/12, 88, 24, , 10, 9, 7
2018/7/13, 58, 42, , 11, 6, 6
2018/7/14, 80, 46, , 13, 13, 6
2018/7/15, 76, 54, , 14, 17, 7
2018/7/16, 96, 63, , 16, 9, 7
2018/7/17, 114, 53, , 12, 7, 6
2018/7/18, 95, 58, , 14, 11, 7
2018/7/19, 98, 65, , 15, 12, 8
2018/7/20, 108, 71, , 17, 10, 10
2018/7/21, 132, 64, , 10, 7, 10
2018/7/22, 111, 59, , 13, 9, 9
2018/7/23, 97, 57, , 14, 8, 10
2018/7/24, 96, 52, , 13, 7, 8
2018/7/25, 89, 47, , 13, 6, 8
2018/7/26, 75, 50, , 13, 7, 8
2018/7/27, 81, 47, , 12, 5, 9
2018/7/28, 100, 29, , 11, 7, 7
2018/7/29, 52, 44, , 13, 8, 7
2018/7/30, 69, 56, , 13, 8, 8
2018/7/31, 91, 53, , 14, 7, 9
2018/8/1, 92, 54, , 11, 7, 10
2018/8/2, 94, 52, , 8, 6, 8
2018/8/3, 97, 55, , 12, 6, 9
2018/8/4, 97, 53, , 10, 6, 8
2018/8/5, 102, 52, , 10, 5, 10
2018/8/6, 109, 51, , 12, 5, 10
2018/8/7, 100, 44, , 7, 4, 7
2018/8/8, 82, 64, , 15, 6, 10
2018/8/9, 107, 53, , 9, 8, 10
2018/8/10, 92, 65, , 10, 6, 11
2018/8/11, 115, 69, , 10, 7, 13
2018/8/12, 129, 57, , 7, 5, 9
2018/8/13, 102, 47, , 6, 6, 7
2018/8/14, 75, 56, , 6, 5, 7
2018/8/15, 95, 48, , 6, 9, 6
2018/8/16, 68, 48, , 7, 5, 8
2018/8/17, 83, 41, , 8, 6, 7
2018/8/18, 69, 46, , 10, 9, 9
2018/8/19, 79, 53, , 13, 10, 10
2018/8/20, 83, 55, , 14, 10, 10
2018/8/21, 92, 50, , 8, 7, 9
2018/8/22, 90, 70, , 10, 13, 10
2018/8/23, 140, 73, , 13, 15, 10
2018/8/24, 125, 68, , 14, 14, 10
2018/8/25, 113, 66, , 11, 8, 9
2018/8/26, 125, 55, , 9, 8, 8
2018/8/27, 97, 61, , 9, 9, 9
2018/8/28, 95, 62, , 8, 8, 8
2018/8/29, 110, 56, , 9, 7, 7
2018/8/30, 112, 50, , 8, 4, 9
2018/8/31, 126, 42, , 8, 4, 9
2018/9/1, 107, 40, , 10, 5, 8
2018/9/2, 79, 50, , 15, 7, 8
2018/9/3, 65, 68, , 20, 12, 9
2018/9/4, 83, 83, , 21, 12, 9
2018/9/5, 121, 53, , 17, 6, 8
2018/9/6, 79, 56, , 18, 6, 6
2018/9/7, 68, 55, , 21, 9, 8
2018/9/8, 75, 55, , 19, 8, 7
2018/9/9, 80, 60, , 18, 9, 10
2018/9/10, 113, 58, , 17, 6, 10
2018/9/11, 115, 64, , 16, 9, 10
2018/9/12, 139, 53, , 18, 11, 8
2018/9/13, 128, 61, , 13, 25, 7
2018/9/14, 127, 52, , 9, 12, 8
2018/9/15, 123, 52, , 9, 6, 9
2018/9/16, 124, 53, , 11, 7, 7
2018/9/17, 142, 35, , 13, 6, 10
2018/9/18, 94, 46, , 11, 5, 10
2018/9/19, 92, 28, , 9, 5, 12
2018/9/20, 66, 24, , 12, 7, 8
2018/9/21, 40, 56, , 22, 9, 9
2018/9/22, 79, 62, , 23, 9, 9
2018/9/23, 98, 72, , 18, 8, 7
2018/9/24, 125, 36, , 11, 6, 8
2018/9/25, 122, 24, , 8, 7, 7
2018/9/26, 115, 49, , 10, 7, 6
2018/9/27, 118, 50, , 16, 9, 6
2018/9/28, 97, 67, , 24, 11, 8
2018/9/29, 82, 80, , 26, 11, 8
2018/9/30, 109, 64, , 21, 12, 6
2018/4/1, 142, 72, , 21, 12, 10
2018/4/2, 111, 85, , 42, 22, 11
2018/4/3, 127, 182, , 20, 6, 6
2018/4/4, 142, 32, , 44, 4, 8
2018/4/5, 82, 108, , 14, 6, 6
2018/4/6, 109, 99, , 20, 12, 8
2018/4/7, 106, 92, , 20, 15, 8
2018/4/8, 119, 93, , 26, 20, 9
2018/4/9, 148, 95, , 24, 20, 9
2018/4/10, 151, 99, , 26, 18, 11
2018/4/11, 165, 61, , 17, 6, 9
2018/4/12, 94, 20, , 10, 4, 7
2018/4/13, 51, 85, , 18, 10, 8
2018/4/14, 95, 121, , 19, 12, 9
2018/4/15, 133, 129, , 19, 12, 9
2018/4/16, 134, 157, , 18, 18, 9
2018/4/17, 152, 103, , 20, 15, 8
2018/4/18, 138, 86, , 18, 17, 8
2018/4/19, 130, 85, , 21, 15, 10
2018/4/20, 144, 51, , 14, 7, 9
2018/4/21, 91, 40, , 13, 5, 9
2018/4/22, 93, 50, , 10, 28, 8
2018/4/23, 101, 52, , 9, 11, 7
2018/4/24, 132, 53, , 13, 12, 8
2018/4/25, 135, 61, , 14, 21, 10
2018/4/26, 149, 75, , 23, 13, 10
2018/4/27, 135, 76, , 21, 23, 11
2018/4/28, 141, 85, , 24, 18, 11
2018/4/29, 145, 63, , 14, 19, 9
2018/4/30, 112, 67, , 20, 11, 11
2018/5/1, 110, 79, , 14, 22, 10
2018/5/2, 141, 64, , 17, 17, 8
2018/5/3, 89, 72, , 22, 30, 10
2018/5/4, 134, 58, , 16, 9, 10
2018/5/5, 147, 33, , 11, 4, 9
2018/5/6, 77, 63, , 15, 6, 7
2018/5/7, 89, 58, , 17, 7, 9
2018/5/8, 104, 70, , 18, 8, 9
2018/5/9, 110, 66, , 17, 11, 9
2018/5/10, 120, 62, , 18, 7, 11
2018/5/11, 142, 48, , 15, 5, 10
2018/5/12, 84, 58, , 16, 10, 9
2018/5/13, 111, 64, , 15, 11, 11
2018/5/14, 111, 56, , 11, 5, 8
2018/5/15, 91, 53, , 11, 7, 9
2018/5/16, 96, 79, , 16, 7, 10
2018/5/17, 142, 42, , 9, 7, 8
2018/5/18, 74, 33, , 10, 7, 9
2018/5/19, 64, 16, , 8, 3, 7
2018/5/20, 28, 15, , 9, 3, 6
2018/5/21, 32, 70, , 11, 6, 6
2018/5/22, 104, 102, , 19, 9, 7
2018/5/23, 139, 100, , 16, 9, 9
2018/5/24, 152, 56, , 14, 7, 7
2018/5/25, 105, 170, , 10, 5, 6
2018/5/26, 125, 113, , 13, 4, 5
2018/5/27, 143, 111, , 26, 12, 7
2018/5/28, 136, 109, , 21, 10, 8
2018/5/29, 153, 55, , 13, 6, 6
2018/5/30, 79, 53, , 16, 5, 7
2018/5/31, 99, 61, , 17, 6, 7
2018/6/1, 106, 43, , 14, 4, 5
2018/6/2, 77, 58, , 20, 7, 7
2018/6/3, 106, 77, , 26, 7, 9
2018/6/4, 133, 62, , 19, 8, 7
2018/6/5, 138, 53, , 24, 7, 12
2018/6/6, 110, 66, , 24, 9, 8
2018/6/7, 101, 65, , 19, 7, 8
2018/6/8, 99, 46, , 11, 6, 6
2018/6/9, 68, 60, , 14, 6, 8
2018/6/10, 84, 59, , 14, 6, 7
2018/6/11, 107, 67, , 19, 9, 8
2018/6/12, 114, 48, , 10, 6, 7
2018/6/13, 84, 62, , 12, 6, 8
2018/6/14, 119, 68, , 18, 9, 10
2018/6/15, 120, 80, , 19, 13, 7
2018/6/16, 125, 94, , 19, 14, 10
2018/6/17, 155, 74, , 14, 9, 8
2018/6/18, 147, 26, , 8, 4, 6
2018/6/19, 62, 42, , 10, 17, 6
2018/6/20, 87, 55, , 13, 5, 8
2018/6/21, 113, 47, , 12, 4, 9
2018/6/22, 105, 41, , 13, 5, 7
2018/6/23, 69, 52, , 14, 10, 7
2018/6/24, 103, 33, , 10, 9, 5
2018/6/25, 46, 38, , 11, 11, 6
2018/6/26, 60, 32, , 12, 5, 6
2018/6/27, 57, 40, , 13, 6, 7
2018/6/28, 67, 54, , 13, 7, 6
2018/6/29, 94, 36, , 15, 7, 6
2018/6/30, 65, 51, , 12, 6, 7
2018/1/1, 221, 151, , 36, 18, 18
2018/1/2, 258, 119, , 19, 7, 13
2018/1/3, 172, , , 13, 5, 9
2018/1/4, 140, 49, , 15, 8, 10
2018/1/5, 167, 41, , 15, 5, 10
2018/1/6, 160, , , 19, 7, 11
2018/1/7, 182, 57, , 30, 10, 17
2018/1/8, 142, 77, , 36, 12, 20
2018/1/9, 159, 80, , 32, 14, 15
2018/1/10, 140, 79, , 30, 15, 14
2018/1/11, 135, 90, , 35, 18, 15
2018/1/12, 166, 99, , 42, 28, 15
2018/1/13, 182, 109, , 39, 21, 17
2018/1/14, 205, 119, , 41, 24, 20
2018/1/15, 239, , , 27, 12, 13
2018/1/16, 228, 60, , 24, 8, 13
2018/1/17, 182, 106, , 22, 10, 16
2018/1/18, 270, 110, , 30, 12, 21
2018/1/19, 304, 105, , 34, 13, 24
2018/1/20, 222, 138, , 35, 12, 19
2018/1/21, 231, 73, , 23, 7, 12
2018/1/22, 173, 118, , 20, 7, 15
2018/1/23, 233, , , 18, 5, 11
2018/1/24, 174, 56, , 13, 6, 10
2018/1/25, 158, 65, , 14, 7, 10
2018/1/26, 167, , , 10, 9, 8
2018/1/27, 158, , , 14, 9, 10
2018/1/28, 166, , , 32, 13, 16
2018/1/29, 201, , , 27, 12, 15
2018/1/30, 212, 81, , 25, 12, 15
2018/1/31, 140, 98, , 33, 16, 13
2018/2/1, 153, 77, , 17, 12, 9
2018/2/2, 119, 69, , 17, 11, 9
2018/2/3, 106, 70, , 24, 13, 10
2018/2/4, 119, 82, , 33, 14, 13
2018/2/5, 139, 83, , 37, 15, 12
2018/2/6, 162, 88, , 36, 16, 13
2018/2/7, 170, 93, , 39, 20, 15
2018/2/8, 176, 95, , 29, 20, 14
2018/2/9, 186, 190, , 18, 16, 10
2018/2/10, 172, 170, , 28, 14, 16
2018/2/11, 182, 112, , 25, 14, 11
2018/2/12, 158, 106, , 18, 11, 11
2018/2/13, 177, 84, , 22, 21, 12
2018/2/14, 169, 110, , 14, 11, 14
2018/2/15, 177, 104, , 19, 12, 14
2018/2/16, 213, 85, , 18, 9, 15
2018/2/17, 208, , , 12, 7, 12
2018/2/18, 190, 74, , 13, 8, 12
2018/2/19, 205, 37, , 14, 10, 12
2018/2/20, 167, , , 12, 7, 12
2018/2/21, 169, 64, , 17, 9, 13
2018/2/22, 170, 57, , 16, 15, 12
2018/2/23, 147, 86, , 19, 10, 12
2018/2/24, 158, 104, , 15, 13, 10
2018/2/25, 161, 88, , 23, 13, 13
2018/2/26, 188, 65, , 26, 15, 12
2018/2/27, 162, 43, , 13, 7, 10
2018/2/28, 120, 46, , 17, 13, 12
2018/3/1, 146, 61, , 14, 6, 12
2018/3/2, 161, 67, , 14, 8, 13
2018/3/3, 152, 55, , 12, 6, 12
2018/3/4, 129, 59, , 7, 5, 8
2018/3/5, 100, 47, , 10, 6, 8
2018/3/6, 115, 51, , 15, 6, 10
2018/3/7, 124, 69, , 18, 9, 11
2018/3/8, 173, 67, , 17, 21, 8
2018/3/9, 164, 75, , 25, 16, 10
2018/3/10, 142, 74, , 26, 22, 10
2018/3/11, 146, 81, , 29, 16, 11
2018/3/12, 156, 83, , 29, 16, 11
2018/3/13, 171, 81, , 26, 12, 12
2018/3/14, 161, 97, , 18, 8, 10
2018/3/15, 153, 76, , 13, 6, 7
2018/3/16, 103, 53, , 18, 7, 8
2018/3/17, 117, , , 15, 5, 9
2018/3/18, 157, , , 15, 5, 11
2018/3/19, 183, 48, , 14, 6, 8
2018/3/20, 136, 61, , 22, 13, 10
2018/3/21, 138, 76, , 26, 18, 11
2018/3/22, 168, 99, , 30, 21, 12
2018/3/23, 163, 89, , 23, 12, 9
2018/3/24, 149, 82, , 23, 10, 10
2018/3/25, 164, 70, , 20, 6, 10
2018/3/26, 155, 66, , 22, 19, 10
2018/3/27, 125, 69, , 23, 15, 10
2018/3/28, 123, 59, , 24, 16, 8
2018/3/29, 98, 98, , 15, 9, 9
2018/3/30, 158, 94, , 18, 12, 11
2018/3/31, 173, 89, , 26, 14, 11
2017/10/1, 63, 37, , 11, 7, 9
2017/10/2, 85, 24, , 10, 6, 7
2017/10/3, 57, 11, , 9, 6, 7
2017/10/4, 40, 23, , 11, 7, 7
2017/10/5, 57, 40, , 14, 10, 8
2017/10/6, 103, 51, , 15, 8, 9
2017/10/7, 88, 47, , 19, 9, 11
2017/10/8, 97, 69, , 19, 10, 12
2017/10/9, 116, 30, , 12, 8, 9
2017/10/10, 75, 13, , 10, 6, 6
2017/10/11, 46, 21, , 11, 7, 6
2017/10/12, 45, 27, , 13, 7, 7
2017/10/13, 86, 32, , 10, 6, 7
2017/10/14, 107, 33, , 10, 6, 6
2017/10/15, 112, 32, , 11, 6, 7
2017/10/16, 114, 23, , 12, 6, 10
2017/10/17, 97, 22, , 11, 6, 7
2017/10/18, 58, 47, , 17, 9, 9
2017/10/19, 96, 56, , 16, 9, 10
2017/10/20, 127, 65, , 15, 10, 11
2017/10/21, 131, 75, , 20, 10, 11
2017/10/22, 154, 78, , 14, 12, 11
2017/10/23, 165, 78, , 19, 10, 11
2017/10/24, 164, 81, , 34, 13, 10
2017/10/25, 155, 72, , 23, 12, 11
2017/10/26, 148, 80, , 31, 12, 14
2017/10/27, 150, 79, , 25, 13, 10
2017/10/28, 153, 82, , 13, 11, 8
2017/10/29, 141, 70, , 20, 18, 8
2017/10/30, 102, 87, , 34, 19, 11
2017/10/31, 152, 113, , 46, 25, 14
2017/11/1, 173, 108, , 44, 21, 13
2017/11/2, 180, 93, , 27, 14, 12
2017/11/3, 170, 94, , 27, 13, 11
2017/11/4, 176, 74, , 29, 22, 9
2017/11/5, 146, 89, , 37, 19, 10
2017/11/6, 170, 118, , 44, 18, 14
2017/11/7, 201, 112, , 37, 24, 14
2017/11/8, 206, 138, , 49, 21, 14
2017/11/9, 258, 83, , 18, 13, 7
2017/11/10, 117, 61, , 16, 10, 6
2017/11/11, 96, 50, , 19, 10, 7
2017/11/12, 118, 52, , 18, 8, 10
2017/11/13, 143, 63, , 22, 14, 9
2017/11/14, 131, 93, , 30, 18, 12
2017/11/15, 171, 85, , 26, 13, 12
2017/11/16, 206, , , 18, 8, 12
2017/11/17, 194, 60, , 16, 8, 6
2017/11/18, 86, 61, , 16, 8, 7
2017/11/19, 129, 64, , 20, 9, 8
2017/11/20, 144, 83, , 32, 15, 11
2017/11/21, 172, 71, , 30, 12, 10
2017/11/22, 167, 72, , 23, 11, 8
2017/11/23, 151, 85, , 40, 16, 10
2017/11/24, 159, 79, , 33, 12, 10
2017/11/25, 154, 94, , 40, 25, 13
2017/11/26, 171, 93, , 43, 16, 15
2017/11/27, 191, 101, , 32, 17, 13
2017/11/28, 193, 86, , 24, 11, 11
2017/11/29, 177, 54, , 16, 11, 8
2017/11/30, 141, 63, , 18, 16, 9
2017/12/1, 158, 78, , 23, 15, 10
2017/12/2, 168, 101, , 32, 16, 14
2017/12/3, 191, 68, , 27, 15, 14
2017/12/4, 304, 81, , 27, 19, 16
2017/12/5, 257, 118, , 43, 24, 17
2017/12/6, 207, 109, , 32, 19, 14
2017/12/7, 243, 70, , 26, 18, 10
2017/12/8, 145, 90, , 35, 19, 14
2017/12/9, 170, 98, , 33, 20, 12
2017/12/10, 149, 124, , 42, 25, 15
2017/12/11, 172, 102, , 36, 21, 12
2017/12/12, 167, 83, , 23, 7, 10
2017/12/13, 167, 78, , 24, 6, 14
2017/12/14, 191, 80, , 25, 11, 12
2017/12/15, 179, 60, , 23, 13, 11
2017/12/16, 161, 64, , 28, 15, 12
2017/12/17, 129, 91, , 36, 15, 15
2017/12/18, 158, 82, , 34, 20, 14
2017/12/19, 139, 101, , 46, 25, 17
2017/12/20, 154, 87, , 40, 21, 13
2017/12/21, 167, 103, , 47, 30, 16
2017/12/22, 184, 98, , 33, 19, 13
2017/12/23, 197, 104, , 36, 18, 13
2017/12/24, 142, 99, , 42, 28, 14
2017/12/25, 158, 120, , 42, 32, 16
2017/12/26, 172, 111, , 43, 29, 17
2017/12/27, 191, 113, , 39, 15, 16
2017/12/28, 228, 170, , 35, 16, 17
2017/12/29, 289, 130, , 29, 15, 16
2017/12/30, 157, 109, , 33, 19, 14
2017/12/31, 164, 127, , 47, 26, 23
2017/7/1, 67, 60, , 15, 8, 8
2017/7/2, 101, 68, , 15, 12, 9
2017/7/3, 115, 55, , 12, 7, 8
2017/7/4, 83, 57, , 15, 6, 8
2017/7/5, 83, 58, , 14, 4, 8
2017/7/6, 75, 32, , 16, 5, 7
2017/7/7, 63, 52, , 16, 5, 9
2017/7/8, 111, 18, , 12, 3, 6
2017/7/9, 33, 57, , 14, 6, 7
2017/7/10, 88, 57, , 12, 6, 7
2017/7/11, 92, 45, , 14, 9, 7
2017/7/12, 60, 40, , 14, 12, 7
2017/7/13, 55, 43, , 14, 10, 7
2017/7/14, 73, 36, , 14, 6, 6
2017/7/15, 42, 44, , 14, 6, 7
2017/7/16, 73, 62, , 18, 8, 7
2017/7/17, 78, 65, , 16, 6, 10
2017/7/18, 114, 59, , 14, 7, 6
2017/7/19, 90, 58, , 13, 8, 7
2017/7/20, 79, 49, , 14, 7, 7
2017/7/21, 60, 53, , 11, 8, 7
2017/7/22, 63, 60, , 13, 18, 7
2017/7/23, 83, 66, , 14, 7, 8
2017/7/24, 99, 62, , 15, 8, 7
2017/7/25, 86, 63, , 13, 7, 8
2017/7/26, 89, 71, , 17, 6, 9
2017/7/27, 105, 82, , 15, 4, 11
2017/7/28, 140, 75, , 12, 5, 14
2017/7/29, 159, 61, , 12, 6, 11
2017/7/30, 122, 54, , 11, 6, 10
2017/7/31, 92, 44, , 9, 4, 8
2017/8/1, 100, 45, , 11, 7, 8
2017/8/2, 83, 72, , 20, 7, 10
2017/8/3, 108, 80, , 25, 5, 11
2017/8/4, 114, 75, , 21, 5, 9
2017/8/5, 102, 51, , 13, 5, 7
2017/8/6, 76, 76, , 21, 8, 8
2017/8/7, 87, 28, , 10, 3, 8
2017/8/8, 74, 51, , 13, 6, 8
2017/8/9, 78, 66, , 12, 4, 8
2017/8/10, 99, 57, , 13, 5, 8
2017/8/11, 94, 42, , 14, 7, 8
2017/8/12, 71, 53, , 11, 5, 7
2017/8/13, 88, 58, , 13, 7, 9
2017/8/14, 102, 69, , 15, 6, 9
2017/8/15, 125, 73, , 16, 7, 8
2017/8/16, 118, 53, , 12, 9, 6
2017/8/17, 81, 57, , 13, 20, 7
2017/8/18, 77, 49, , 9, 8, 7
2017/8/19, 71, 53, , 7, 5, 8
2017/8/20, 109, 69, , 10, 6, 11
2017/8/21, 132, 74, , 14, 6, 10
2017/8/22, 119, 71, , 9, 22, 10
2017/8/23, 127, 57, , 12, 11, 9
2017/8/24, 89, 74, , 16, 13, 10
2017/8/25, 117, 73, , 12, 25, 9
2017/8/26, 131, 69, , 11, 13, 9
2017/8/27, 122, 57, , 12, 15, 8
2017/8/28, 95, 20, , 6, 4, 8
2017/8/29, 51, 22, , 6, 5, 6
2017/8/30, 49, 27, , 8, 5, 7
2017/8/31, 60, 25, , 7, 5, 8
2017/9/1, 57, 20, , 8, 5, 8
2017/9/2, 48, 16, , 5, 4, 6
2017/9/3, 43, 47, , 10, 7, 8
2017/9/4, 99, 52, , 10, 6, 9
2017/9/5, 106, 13, , 9, 6, 7
2017/9/6, 36, , , , , 
2017/9/11, 103, 66, , 14, 22, 10
2017/9/12, 118, 68, , 13, 27, 9
2017/9/13, 110, 73, , 11, 24, 9
2017/9/14, 147, 66, , 13, 24, 8
2017/9/15, 98, 75, , 13, 22, 8
2017/9/16, 116, 61, , 17, 14, 8
2017/9/17, 104, 83, , 30, 11, 11
2017/9/18, 142, 57, , 17, 12, 9
2017/9/19, 136, 51, , 16, 14, 8
2017/9/20, 94, 61, , 22, 12, 10
2017/9/21, 135, 55, , 14, 9, 9
2017/9/22, 129, 42, , 17, 8, 10
2017/9/23, 115, 38, , 14, 6, 11
2017/9/24, 90, 21, , 8, 5, 8
2017/9/25, 51, 31, , 10, 5, 8
2017/9/26, 63, 32, , 10, 5, 9
2017/9/27, 82, 54, , 15, 8, 9
2017/9/28, 88, 46, , 20, 12, 8
2017/9/29, 82, 50, , 16, 8, 8
2017/9/30, 84, 35, , 11, 7, 8
2017/4/1, 111, 66, 74, 21, 20, 9
2017/4/2, 112, 82, 40, 36, 25, 9
2017/4/3, 129, 80, 24, 24, 15, 11
2017/4/4, 155, 66, 43, 19, 15, 11
2017/4/5, 143, 60, 48, 15, 9, 9
2017/4/6, 135, 73, 31, 24, 14, 13
2017/4/7, 137, 48, 23, 27, 9, 13
2017/4/8, 84, 30, 29, 15, 5, 10
2017/4/9, 79, 33, 34, 17, 7, 8
2017/4/10, 72, 52, 36, 22, 10, 10
2017/4/11, 98, 66, 59, 27, 13, 11
2017/4/12, 109, 62, 52, 20, 14, 10
2017/4/13, 111, 66, 67, 24, 18, 10
2017/4/14, 97, 87, 75, 32, 18, 12
2017/4/15, 141, 59, 42, 24, 15, 9
2017/4/16, 104, 74, 53, 28, 13, 9
2017/4/17, 80, 112, 39, 22, 17, 9
2017/4/18, 117, 89, 54, 28, 19, 10
2017/4/19, 132, 71, 34, 18, 10, 7
2017/4/20, 81, 79, 46, 20, 9, 7
2017/4/21, 87, 77, 72, 26, 17, 8
2017/4/22, 85, 77, 67, 24, 20, 7
2017/4/23, 94, 84, 70, 28, 20, 10
2017/4/24, 117, 56, 41, 21, 9, 9
2017/4/25, 107, 72, 60, 16, 11, 9
2017/4/26, 109, 63, 77, 19, 13, 8
2017/4/27, 85, 75, 74, 24, 15, 11
2017/4/28, 100, 79, 76, 26, 18, 8
2017/4/29, 104, 87, 73, 31, 16, 10
2017/4/30, 127, 64, 50, 25, 15, 10
2017/5/1, 122, 59, 70, 22, 12, 9
2017/5/2, 98, 37, 38, 16, 9, 7
2017/5/3, 66, 70, 57, 16, 13, 7
2017/5/4, 81, 107, 48, 29, 16, 10
2017/5/5, 137, 267, 40, 20, 14, 7
2017/5/6, 184, 106, 37, 24, 9, 8
2017/5/7, 153, 49, 48, 15, 8, 8
2017/5/8, 78, 71, 55, 20, 12, 9
2017/5/9, 87, 70, 55, 22, 14, 10
2017/5/10, 109, 55, 45, 18, 10, 8
2017/5/11, 83, 51, 57, 20, 11, 9
2017/5/12, 63, 63, 76, 19, 14, 8
2017/5/13, 91, 93, 81, 29, 20, 9
2017/5/14, 132, 72, 92, 16, 11, 9
2017/5/15, 118, 52, 82, 17, 12, 8
2017/5/16, 72, 64, 85, 18, 29, 8
2017/5/17, 107, 79, 91, 29, 26, 10
2017/5/18, 120, 74, 114, 26, 16, 11
2017/5/19, 119, 58, 59, 20, 14, 8
2017/5/20, 117, 75, 62, 27, 9, 10
2017/5/21, 128, 51, 40, 17, 6, 10
2017/5/22, 106, 30, 47, 14, 4, 6
2017/5/23, 40, 56, 65, 20, 8, 9
2017/5/24, 94, 70, 85, 27, 15, 10
2017/5/25, 96, 77, 105, 28, 12, 9
2017/5/26, 107, 72, 107, 23, 12, 9
2017/5/27, 102, 83, 116, 28, 17, 9
2017/5/28, 122, 80, 115, 26, 24, 9
2017/5/29, 116, 74, 63, 22, 16, 9
2017/5/30, 124, 93, 67, 27, 14, 10
2017/5/31, 146, 47, 51, 17, 7, 7
2017/6/1, 80, 78, 69, 22, 9, 9
2017/6/2, 139, 88, 41, 19, 7, 9
2017/6/3, 150, 61, , 16, 4, 8
2017/6/4, 116, 10, , 10, 2, 5
2017/6/5, 24, 27, , 11, 6, 7
2017/6/6, 48, 61, 59, 14, 10, 10
2017/6/7, 107, 64, 48, 23, 15, 12
2017/6/8, 88, 52, 31, 18, 6, 11
2017/6/9, 105, 34, 40, 13, 27, 7
2017/6/10, 50, 53, 60, 17, 24, 9
2017/6/11, 84, 53, 29, 18, 6, 10
2017/6/12, 89, 53, 41, 15, 14, 9
2017/6/13, 95, 65, 43, 16, 12, 10
2017/6/14, 115, 40, 45, 13, 5, 9
2017/6/15, 77, 56, 52, 16, 11, 9
2017/6/16, 78, 61, , 15, 12, 9
2017/6/17, 105, 80, , 22, 20, 11
2017/6/18, 141, 88, , 19, 22, 12
2017/6/19, 153, 86, , 19, 19, 11
2017/6/20, 155, 68, , 16, 13, 10
2017/6/21, 124, 72, , 16, 10, 9
2017/6/22, 117, 45, , 10, 10, 13
2017/6/23, 78, 62, , 15, 9, 8
2017/6/24, 106, 76, , 18, 8, 10
2017/6/25, 138, 80, , 17, 8, 9
2017/6/26, 136, 58, , 15, 11, 8
2017/6/27, 97, 61, , 15, 16, 8
2017/6/28, 85, 61, , 13, 7, 9
2017/6/29, 81, 46, , 13, 8, 7
2017/6/30, 72, 53, , 17, 9, 7
2017/1/2, 190, 119, 23, 88, 21, 28
2017/1/3, 209, 128, 16, 96, 21, 36
2017/1/4, 223, 46, 7, 64, 9, 20
2017/1/5, 127, 18, 6, 43, 7, 27
2017/1/6, 74, 44, 19, 28, 10, 14
2017/1/7, 89, 77, 22, 37, 20, 14
2017/1/8, 146, 91, 27, 33, 21, 14
2017/1/9, 170, 65, 26, 24, 14, 10
2017/1/10, 164, 110, 20, 30, 14, 19
2017/1/11, 220, 82, 27, 25, 11, 14
2017/1/12, 179, 74, 33, 32, 16, 12
2017/1/13, 156, 86, 21, 34, 14, 11
2017/1/14, 171, 73, 25, 49, 12, 10
2017/1/15, 173, 77, 32, 24, 16, 10
2017/1/16, 165, 75, 38, 20, 12, 9
2017/1/17, 177, 78, 27, 22, 11, 10
2017/1/18, 188, 91, 29, 23, 14, 12
2017/1/19, 203, 73, 33, 21, 14, 7
2017/1/20, 116, 95, 34, 31, 16, 11
2017/1/21, 179, 109, 45, 41, 19, 17
2017/1/22, 215, 101, 49, 38, 27, 16
2017/1/23, 206, 101, 28, 29, 14, 15
2017/1/24, 232, 92, 48, 23, 11, 14
2017/1/25, 214, 91, 45, 27, 12, 14
2017/1/26, 202, 143, 31, 16, 14, 14
2017/1/27, 225, 154, 22, 33, 18, 16
2017/1/28, 267, 99, 25, 21, 10, 12
2017/1/29, 196, 82, 35, 9, 9, 10
2017/1/30, 165, 59, 28, 8, 7, 9
2017/1/31, 147, 70, 26, 9, 5, 10
2017/2/1, 176, 66, 27, 10, 5, 10
2017/2/2, 178, 78, 28, 16, 10, 11
2017/2/3, 187, 83, 23, 20, 9, 12
2017/2/4, 183, 64, 15, 24, 11, 13
2017/2/5, 153, 72, 18, 18, 6, 12
2017/2/6, 161, 58, 28, 14, 6, 10
2017/2/7, 158, 60, 31, 14, 6, 11
2017/2/8, 167, 62, 23, 21, 9, 11
2017/2/9, 146, 58, 41, 26, 12, 10
2017/2/10, 122, 67, 48, 34, 15, 11
2017/2/11, 145, 82, 42, 33, 15, 11
2017/2/12, 161, 82, 53, 45, 26, 13
2017/2/13, 155, 86, 40, 47, 21, 15
2017/2/14, 150, 101, 36, 44, 23, 13
2017/2/15, 171, 91, 41, 30, 15, 18
2017/2/16, 159, 126, 30, 24, 11, 11
2017/2/17, 162, 94, 32, 27, 13, 11
2017/2/18, 160, 98, 35, 30, 17, 13
2017/2/19, 174, 129, 24, 27, 10, 12
2017/2/20, 141, 49, 23, 18, 6, 8
2017/2/21, 89, 61, 25, 22, 9, 10
2017/2/22, 156, 76, 34, 25, 12, 11
2017/2/23, 142, 69, 46, 25, 14, 11
2017/2/24, 127, 69, 51, 27, 14, 9
2017/2/25, 126, 91, 53, 36, 16, 12
2017/2/26, 149, 80, 63, 33, 20, 12
2017/2/27, 143, 90, 61, 41, 21, 22
2017/2/28, 161, 84, 44, 29, 13, 8
2017/3/1, 92, 67, 27, 24, 17, 9
2017/3/2, 85, 77, , 33, 25, 9
2017/3/3, 137, 84, , 41, 22, 11
2017/3/4, 157, 75, , 27, 12, 10
2017/3/5, 146, 117, , 32, 19, 14
2017/3/6, 176, 104, 68, 37, 19, 12
2017/3/7, 146, 87, 74, 36, 35, 11
2017/3/8, 140, 84, 63, 38, 28, 11
2017/3/9, 153, 67, 51, 33, 11, 11
2017/3/10, 132, 83, 36, 37, 18, 13
2017/3/11, 140, 74, 31, 27, 10, 13
2017/3/12, 146, 22, 35, 14, 8, 7
2017/3/13, 64, 50, 41, 18, 13, 7
2017/3/14, 88, 66, 37, 23, 17, 9
2017/3/15, 123, 57, 58, 22, 12, 9
2017/3/16, 129, 84, 24, 40, 15, 13
2017/3/17, 155, 77, 48, 33, 14, 12
2017/3/18, 158, 74, 33, 28, 14, 10
2017/3/19, 168, 56, 44, 17, 10, 8
2017/3/20, 147, 59, 46, 21, 13, 8
2017/3/21, 139, 51, 40, 17, 9, 8
2017/3/22, 125, 56, 27, 19, 10, 10
2017/3/23, 126, 46, 22, 17, 8, 9
2017/3/24, 93, 88, 42, 20, 10, 10
2017/3/25, 109, 95, 48, 28, 16, 10
2017/3/26, 121, 91, 49, 28, 19, 9
2017/3/27, 111, 81, 60, 22, 18, 8
2017/3/28, 118, 96, 62, 22, 16, 10
2017/3/29, 154, 65, 43, 17, 10, 10
2017/3/30, 137, 60, 60, 18, 16, 9
2017/3/31, 110, 68, 71, 22, 15, 9
2016/10/1, 104, 62, 73, 32, 17, 11
2016/10/2, 141, 61, 76, 24, 21, 10
2016/10/3, 142, 55, 176, 19, 17, 16
2016/10/4, 117, 102, 73, 13, 17, 11
2016/10/5, 139, 87, 73, 12, 14, 10
2016/10/6, 153, 82, 50, 13, 11, 10
2016/10/7, 169, 69, 41, 17, 12, 8
2016/10/8, 111, 73, 32, 21, 12, 7
2016/10/9, 139, 69, 26, 20, 12, 7
2016/10/10, 118, 52, 27, 18, 12, 6
2016/10/11, 95, 37, 25, 14, 10, 5
2016/10/12, 80, 27, 21, 13, 6, 5
2016/10/13, 73, 50, 22, 14, 7, 7
2016/10/14, 130, 58, 23, 17, 9, 8
2016/10/15, 129, 36, 30, 16, 9, 7
2016/10/16, 65, 62, 38, 27, 12, 9
2016/10/17, 87, 75, 58, 20, 11, 8
2016/10/18, 137, 84, 46, 23, 10, 9
2016/10/19, 159, 51, 21, 18, 12, 9
2016/10/20, 128, 21, 12, 13, 6, 8
2016/10/21, 54, 37, 17, 15, 6, 8
2016/10/22, 88, 13, 14, 15, 5, 8
2016/10/23, 35, 16, 13, 14, 5, 7
2016/10/24, 44, 30, 9, 17, 7, 9
2016/10/25, 73, 35, 23, 13, 6, 9
2016/10/26, 88, 18, 16, 13, 5, 9
2016/10/27, 45, 16, 18, 16, 6, 6
2016/10/28, 52, 30, 36, 17, 6, 5
2016/10/29, 68, 49, 29, 26, 8, 8
2016/10/30, 111, 50, 27, 17, 8, 7
2016/10/31, 134, 54, 28, 17, 7, 7
2016/11/1, 121, 59, 31, 19, 8, 8
2016/11/2, 124, 69, 28, 19, 10, 8
2016/11/3, 147, 81, 28, 27, 11, 10
2016/11/4, 167, 104, 37, 40, 13, 13
2016/11/5, 171, 100, 21, 24, 8, 9
2016/11/6, 198, 33, 22, 22, 6, 6
2016/11/7, 70, 54, 20, 17, 6, 6
2016/11/8, 139, 47, 28, 18, 7, 7
2016/11/9, 117, 45, 25, 23, 11, 7
2016/11/10, 93, 55, 25, 43, 11, 8
2016/11/11, 95, 79, 27, 33, 14, 9
2016/11/12, 135, 90, 41, 27, 14, 10
2016/11/13, 162, 106, 36, 26, 15, 11
2016/11/14, 185, 139, 33, 25, 16, 17
2016/11/15, 268, 91, 23, 21, 7, 14
2016/11/16, 227, 74, 24, 21, 8, 12
2016/11/17, 161, 62, 11, 24, 8, 10
2016/11/18, 149, 64, 16, 23, 9, 11
2016/11/19, 137, 94, 22, 20, 11, 13
2016/11/20, 192, 70, 21, 23, 8, 13
2016/11/21, 149, 19, 20, 22, 6, 5
2016/11/22, 51, 39, 19, 19, 8, 7
2016/11/23, 101, 60, 12, 24, 11, 7
2016/11/24, 140, 64, 14, 29, 9, 8
2016/11/25, 149, 59, 25, 27, 12, 8
2016/11/26, 120, 105, 13, 43, 19, 15
2016/11/27, 161, 88, 28, 28, 13, 8
2016/11/28, 147, 98, 33, 25, 13, 9
2016/11/29, 177, 69, 32, 23, 9, 8
2016/11/30, 140, 92, 13, 29, 10, 9
2016/12/1, 161, 95, 34, 33, 11, 10
2016/12/2, 163, 111, 32, 33, 12, 10
2016/12/3, 184, 92, 23, 30, 12, 13
2016/12/4, 166, 80, 28, 26, 11, 8
2016/12/5, 128, 109, 31, 29, 18, 12
2016/12/6, 175, 123, 31, 53, 18, 15
2016/12/7, 188, 107, 31, 41, 13, 18
2016/12/8, 202, 119, 33, 50, 12, 13
2016/12/9, 203, 81, 19, 41, 12, 12
2016/12/10, 162, 85, 14, 39, 12, 28
2016/12/11, 170, 78, 7, 33, 7, 15
2016/12/12, 172, 72, 17, 36, 9, 16
2016/12/13, 168, 66, 13, 33, 10, 16
2016/12/14, 166, 87, 19, 44, 15, 31
2016/12/15, 176, 97, 28, 53, 15, 28
2016/12/16, 198, 86, 33, 58, 22, 26
2016/12/17, 184, 104, 23, 62, 20, 38
2016/12/18, 184, 109, 19, 52, 14, 20
2016/12/19, 214, 151, 18, 45, 12, 23
2016/12/20, 308, 67, 27, 49, 10, 23
2016/12/21, 121, 68, 17, 64, 16, 32
2016/12/22, 155, 81, 10, 54, 18, 27
2016/12/23, 167, 72, 13, 48, 11, 12
2016/12/24, 164, 52, 11, 45, 7, 9
2016/12/25, 148, 51, 12, 49, 14, 18
2016/12/26, 110, 67, 26, 51, 16, 17
2016/12/27, 127, 92, 25, 72, 21, 25
2016/12/28, 171, 89, 30, 53, 12, 16
2016/12/29, 199, 110, 25, 62, 18, 23
2016/12/30, 246, 110, 24, 77, 21, 33
2016/12/31, 229, , , , , 
2016/7/1, 49, 35, 25, 21, 21, 7
2016/7/2, 77, 37, 19, 20, 8, 6
2016/7/3, 74, 27, 40, 15, 12, 6
2016/7/4, 64, 43, 41, 15, 20, 5
2016/7/5, 87, 48, 41, 13, 14, 7
2016/7/6, 103, 50, 34, 12, 22, 8
2016/7/7, 108, 68, 37, 14, 10, 13
2016/7/8, 129, 69, 45, 13, 10, 11
2016/7/9, 114, 70, 36, 10, 10, 14
2016/7/10, 113, 65, 44, 9, 13, 8
2016/7/11, 108, 79, 29, 17, 9, 12
2016/7/12, 121, 68, 30, 13, 7, 14
2016/7/13, 117, 60, 24, 14, 7, 13
2016/7/14, 122, 23, 35, 10, 8, 8
2016/7/15, 44, 35, 35, 10, 9, 9
2016/7/16, 64, 67, 33, 15, 11, 14
2016/7/17, 124, 41, 22, 8, 9, 11
2016/7/18, 71, 28, 23, 9, 8, 14
2016/7/19, 70, 19, 31, 7, 8, 10
2016/7/20, 47, 47, 34, 7, 8, 9
2016/7/21, 90, 47, 47, 7, 8, 8
2016/7/22, 94, 50, 32, 10, 11, 25
2016/7/23, 88, 53, 32, 9, 10, 11
2016/7/24, 103, 55, 42, 8, 9, 15
2016/7/25, 109, 72, 62, 17, 8, 12
2016/7/26, 132, 56, 36, 20, 10, 7
2016/7/27, 90, 44, 38, 14, 12, 7
2016/7/28, 74, 59, 43, 15, 11, 11
2016/7/29, 89, 58, 41, 18, 13, 10
2016/7/30, 88, 70, 52, 19, 12, 11
2016/7/31, 113, 88, 57, 19, 12, 11
2016/8/1, 140, 70, 44, 14, 10, 8
2016/8/2, 135, 53, 23, 15, 9, 8
2016/8/3, 96, 23, 22, 13, 8, 7
2016/8/4, 68, 36, 19, 18, 10, 9
2016/8/5, 91, 45, 18, 16, 11, 8
2016/8/6, 99, 53, 27, 14, 8, 8
2016/8/7, 94, 46, 28, 11, 8, 8
2016/8/8, 117, 51, 62, 13, 8, 9
2016/8/9, 120, 59, 51, 10, 8, 8
2016/8/10, 127, 57, , 12, 8, 6
2016/8/11, 124, 57, , 15, 9, 8
2016/8/12, 99, 68, , 18, 11, 8
2016/8/13, 120, 74, , 24, 9, 9
2016/8/14, 126, 69, 27, 19, 10, 11
2016/8/15, 114, 79, 81, 22, 11, 12
2016/8/16, 161, 104, 48, 23, 22, 10
2016/8/17, 170, 101, 53, 24, 9, 10
2016/8/18, 164, 103, 58, 29, 9, 9
2016/8/19, 153, 86, 50, 20, 6, 11
2016/8/20, 159, 62, 74, 18, 6, 9
2016/8/21, 134, 72, 82, 17, 7, 10
2016/8/22, 156, 79, 98, 17, 7, 10
2016/8/23, 171, 111, 96, 37, 10, 15
2016/8/24, 175, 120, 75, 25, 9, 10
2016/8/25, 163, 46, 43, 14, 8, 13
2016/8/26, 79, 72, 100, 18, 11, 20
2016/8/27, 99, 93, 117, 27, 15, 9
2016/8/28, 144, 108, 135, 31, 15, 9
2016/8/29, 150, 95, 60, 28, 14, 8
2016/8/30, 142, 91, 65, 23, 13, 8
2016/8/31, 131, 106, 56, 24, 14, 9
2016/9/1, 164, 117, 66, 37, 14, 16
2016/9/2, 152, 139, 84, 38, 21, 16
2016/9/3, 166, 78, 87, 29, 17, 8
2016/9/4, 155, 99, 80, 41, 20, 11
2016/9/5, 158, 89, 70, 37, 18, 10
2016/9/6, 156, 69, 61, 23, 16, 9
2016/9/7, 134, 75, 79, 26, 17, 9
2016/9/8, 143, 62, 38, 28, 16, 9
2016/9/9, 130, 60, 83, 25, 15, 13
2016/9/10, 109, 80, 91, 35, 19, 12
2016/9/11, 150, 81, 81, 40, 22, 11
2016/9/12, 152, 88, 92, 33, 17, 12
2016/9/13, 159, 69, 83, 18, 15, 11
2016/9/14, 142, 67, 56, 15, 15, 9
2016/9/15, 129, 67, , 21, 14, 8
2016/9/16, 126, 67, , 27, 18, 8
2016/9/17, 122, 64, , 24, 18, 8
2016/9/18, 117, 72, 22, 20, 15, 10
2016/9/19, 150, 58, 67, 21, 16, 9
2016/9/20, 91, 78, 89, 23, 24, 15
2016/9/21, 137, 91, 104, 32, 27, 12
2016/9/22, 168, 95, 90, 35, 28, 13
2016/9/23, 186, 114, 60, 34, 24, 16
2016/9/24, 211, 61, 52, 20, 12, 9
2016/9/25, 162, 38, 35, 17, 10, 18
2016/9/26, 120, 27, 34, 15, 11, 12
2016/9/27, 86, 37, 25, 20, 11, 13
2016/9/28, 83, 53, 60, 12, 16, 8
2016/9/29, 87, 49, 59, 22, 19, 8
2016/9/30, 93, 53, 39, 39, 16, 9
2016/4/1, 151, 90, 47, 27, 33, 13
2016/4/2, 164, 80, 28, 11, 11, 6
2016/4/3, 124, 63, 51, 16, 20, 6
2016/4/4, 110, 57, 26, 16, 32, 8
2016/4/5, 122, 24, 29, 9, 9, 7
2016/4/6, 67, 43, 53, 21, 37, 12
2016/4/7, 76, 78, 44, 32, 33, 12
2016/4/8, 149, 80, 48, 25, 26, 12
2016/4/9, 139, 91, 60, 23, 18, 9
2016/4/10, 147, 98, 83, 22, 40, 9
2016/4/11, 150, 101, 53, 37, 35, 11
2016/4/12, 159, 106, 64, 22, 23, 10
2016/4/13, 163, 114, 56, 25, 20, 10
2016/4/14, 163, 68, 36, 22, 20, 10
2016/4/15, 141, 51, 46, 20, 14, 6
2016/4/16, 72, 42, 37, 12, 23, 6
2016/4/17, 72, 48, 45, 13, 16, 5
2016/4/18, 69, 66, 48, 14, 23, 8
2016/4/19, 115, 58, 34, 12, 11, 7
2016/4/20, 125, 63, 53, 18, 14, 9
2016/4/21, 108, 74, 46, 24, 23, 8
2016/4/22, 134, 66, 53, 31, 10, 18
2016/4/23, 112, 61, 49, 21, 11, 7
2016/4/24, 107, 67, 50, 22, 13, 8
2016/4/25, 128, 62, 36, 13, 12, 7
2016/4/26, 137, 74, 52, 16, 11, 10
2016/4/27, 157, 95, 48, 18, 12, 10
2016/4/28, 172, 90, 86, 23, 18, 12
2016/4/29, 165, 84, 64, 15, 17, 8
2016/4/30, 138, 66, 50, 13, 18, 9
2016/5/1, 133, 86, 29, 32, 13, 7
2016/5/2, 126, 91, 61, 29, 16, 7
2016/5/3, 102, 84, 58, 26, 23, 8
2016/5/4, 126, 76, 47, 17, 13, 9
2016/5/5, 149, 95, 50, 19, 11, 9
2016/5/6, 163, 126, 62, 34, 10, 6
2016/5/7, 139, 62, 59, 15, 9, 6
2016/5/8, 112, 63, 36, 15, 13, 9
2016/5/9, 132, 64, 55, 15, 12, 9
2016/5/10, 132, 87, 76, 15, 16, 14
2016/5/11, 158, 115, 77, 16, 17, 9
2016/5/12, 163, 93, 52, 17, 14, 5
2016/5/13, 108, 74, 39, 19, 11, 8
2016/5/14, 134, 54, 44, 16, 12, 6
2016/5/15, 84, 84, 62, 19, 22, 6
2016/5/16, 97, 79, 79, 20, 30, 8
2016/5/17, 154, 99, 95, 30, 22, 9
2016/5/18, 174, 96, 50, 26, 14, 9
2016/5/19, 186, 62, 57, 21, 8, 7
2016/5/20, 166, 54, 51, 24, 10, 5
2016/5/21, 119, 50, 47, 17, 11, 5
2016/5/22, 93, 59, 62, 16, 12, 6
2016/5/23, 115, 65, 65, 18, 15, 7
2016/5/24, 140, 77, 41, 14, 11, 8
2016/5/25, 168, 56, 46, 23, 10, 6
2016/5/26, 110, 34, 38, 23, 9, 5
2016/5/27, 76, 30, 37, 14, 11, 6
2016/5/28, 72, 52, 47, 12, 14, 7
2016/5/29, 113, 53, 71, 12, 18, 8
2016/5/30, 113, 78, 34, 15, 20, 11
2016/5/31, 159, 56, 36, 10, 7, 9
2016/6/1, 139, 49, 49, 25, 7, 10
2016/6/2, 135, 56, 78, 40, 10, 7
2016/6/3, 121, 63, 53, 14, 16, 8
2016/6/4, 127, 74, 76, 15, 18, 11
2016/6/5, 155, 60, 55, 15, 10, 7
2016/6/6, 110, 66, 39, 16, 11, 9
2016/6/7, 140, 51, 60, 18, 10, 7
2016/6/8, 100, 71, 57, 17, 12, 25
2016/6/9, 149, 71, 40, 12, 10, 14
2016/6/10, 158, 52, 44, 17, 11, 10
2016/6/11, 111, 78, 77, 15, 9, 10
2016/6/12, 152, 74, 56, 20, 15, 10
2016/6/13, 147, 70, 57, 15, 13, 10
2016/6/14, 148, 78, 41, 21, 14, 6
2016/6/15, 99, 64, 73, 47, 20, 8
2016/6/16, 88, 60, 66, 20, 18, 20
2016/6/17, 97, 71, 42, 16, 21, 11
2016/6/18, 122, 60, , 13, 10, 7
2016/6/19, 128, 31, , 10, 8, 7
2016/6/20, 78, 57, , 16, 12, 10
2016/6/21, 136, 69, , 23, 9, 9
2016/6/22, 145, 44, , 24, 17, 8
2016/6/23, 85, 27, 40, 29, 7, 6
2016/6/24, 70, 19, 42, 22, 7, 5
2016/6/25, 53, 41, 37, 16, 10, 7
2016/6/26, 81, 41, 42, 9, 8, 6
2016/6/27, 93, 35, 48, 6, 9, 5
2016/6/28, 82, 46, 33, 7, 11, 17
2016/6/29, 102, 52, 21, 9, 10, 10
2016/6/30, 124, 21, 34, 28, 10, 12
2016/1/4, 385, 177, 9, 25, 15, 17
2016/1/5, 258, 105, 15, 27, 20, 17
2016/1/6, 201, 92, 22, 22, 18, 13
2016/1/7, 184, 82, 20, 21, 14, 12
2016/1/8, 176, 94, 20, 26, 14, 12
2016/1/9, 181, 104, 17, 22, 12, 12
2016/1/10, 209, 166, 17, 27, 24, 16
2016/1/11, 299, 91, 12, 20, 17, 9
2016/1/12, 192, 100, 25, 24, 20, 11
2016/1/13, 190, 120, 23, 35, 27, 14
2016/1/14, 202, 107, 17, 22, 10, 12
2016/1/15, 199, 97, 18, 20, 14, 10
2016/1/16, 187, 101, 29, 24, 19, 12
2016/1/17, 183, 156, 26, 28, 24, 15
2016/1/18, 260, 122, 27, 28, 27, 16
2016/1/19, 208, 98, 25, 22, 19, 8
2016/1/20, 172, 88, 33, 16, 15, 7
2016/1/21, 170, 79, 25, 15, 10, 8
2016/1/22, 172, 81, 31, 17, 13, 7
2016/1/23, 149, 91, 33, 16, 12, 6
2016/1/24, 105, 85, 36, 21, 20, 6
2016/1/25, 120, 102, 29, 32, 25, 9
2016/1/26, 166, 104, 17, 33, 28, 12
2016/1/27, 173, 109, 26, 24, 20, 9
2016/1/28, 183, 83, 67, 14, 13, 8
2016/1/29, 170, 163, 116, 27, 21, 18
2016/1/30, 284, 95, 20, 20, 17, 11
2016/1/31, 188, 93, 34, 19, 24, 12
2016/2/1, 186, 83, 44, 25, 27, 11
2016/2/2, 170, 87, 47, 26, 31, 11
2016/2/3, 172, 86, 46, 31, 24, 12
2016/2/4, 175, 99, 45, 30, 19, 12
2016/2/5, 179, 71, 42, 23, 15, 6
2016/2/6, 115, 86, 44, 23, 27, 16
2016/2/7, 162, 98, 47, 15, 24, 15
2016/2/8, 181, 98, 44, 25, 27, 17
2016/2/9, 177, 104, 23, 29, 22, 22
2016/2/10, 183, 84, 34, 17, 12, 19
2016/2/11, 179, 95, 30, 12, 7, 22
2016/2/12, 200, 54, 30, 6, 10, 11
2016/2/13, 88, 55, 30, 9, 13, 10
2016/2/14, 70, 55, 39, 14, 13, 7
2016/2/15, 88, 56, 41, 16, 19, 7
2016/2/16, 110, 71, 38, 26, 19, 8
2016/2/17, 150, 80, 40, 30, 22, 9
2016/2/18, 164, 94, 35, 21, 19, 7
2016/2/19, 161, 158, 36, 26, 16, 8
2016/2/20, 157, 146, 102, 24, 21, 8
2016/2/21, 165, 96, 35, 14, 11, 7
2016/2/22, 160, 113, 36, 19, 21, 9
2016/2/23, 182, 147, 43, 28, 21, 11
2016/2/24, 204, 117, 46, 25, 23, 9
2016/2/25, 182, 106, 42, 18, 17, 8
2016/2/26, 175, 72, 132, 25, 17, 7
2016/2/27, 155, 109, 44, 24, 25, 7
2016/2/28, 169, 111, 47, 25, 28, 9
2016/2/29, 168, 97, 53, 23, 26, 9
2016/3/1, 170, 106, 64, 20, 22, 8
2016/3/2, 176, 94, 56, 35, 28, 10
2016/3/3, 179, 118, 42, 33, 20, 10
2016/3/4, 202, 206, 38, 15, 14, 5
2016/3/5, 167, 274, 64, 25, 21, 10
2016/3/6, 188, 152, 39, 27, 20, 11
2016/3/7, 202, 55, 34, 17, 8, 8
2016/3/8, 139, 85, 24, 12, 12, 6
2016/3/9, 153, 69, 35, 16, 17, 8
2016/3/10, 160, 87, 49, 17, 24, 8
2016/3/11, 171, 79, 35, 22, 23, 8
2016/3/12, 164, 99, 39, 20, 20, 8
2016/3/13, 179, 115, 55, 30, 25, 10
2016/3/14, 187, 108, 34, 36, 28, 18
2016/3/15, 191, 126, 41, 31, 30, 12
2016/3/16, 205, 121, 33, 34, 33, 12
2016/3/17, 200, 113, 51, 31, 28, 12
2016/3/18, 204, 116, 64, 36, 44, 12
2016/3/19, 195, 119, 45, 20, 21, 9
2016/3/20, 194, 107, 53, 15, 16, 8
2016/3/21, 181, 84, 52, 15, 15, 6
2016/3/22, 156, 116, 48, 16, 17, 7
2016/3/23, 170, 81, 47, 13, 15, 6
2016/3/24, 138, 81, 44, 24, 27, 7
2016/3/25, 126, 79, 45, 19, 18, 6
2016/3/26, 130, 65, 53, 16, 18, 6
2016/3/27, 127, 66, 51, 16, 22, 6
2016/3/28, 114, 91, 35, 29, 35, 9
2016/3/29, 152, 75, 28, 23, 20, 8
2016/3/30, 161, 99, 41, 19, 20, 8
2016/3/31, 167, 75, 49, 25, 32, 14
2015/10/1, 118, 98, 64, 20, 23, 7
2015/10/2, 143, 99, 77, 28, 22, 8
2015/10/3, 167, 59, 65, 9, 11, 3
2015/10/4, 114, 57, 48, 11, 18, 5
2015/10/5, 126, 61, 34, 13, 11, 6
2015/10/6, 142, 39, 44, 10, 13, 7
2015/10/7, 97, 68, 54, 12, 21, 9
2015/10/8, 137, 73, 47, 11, 18, 6
2015/10/9, 149, 85, 40, 20, 20, 8
2015/10/10, 156, 66, 65, 24, 17, 8
2015/10/11, 112, 79, 82, 25, 23, 9
2015/10/12, 149, 93, 61, 34, 33, 11
2015/10/13, 169, 125, 45, 35, 29, 13
2015/10/14, 204, 106, 75, 32, 20, 12
2015/10/15, 182, 101, 92, 38, 27, 16
2015/10/16, 180, 117, 94, 35, 25, 17
2015/10/17, 196, 110, 83, 32, 19, 13
2015/10/18, 174, 97, 88, 19, 16, 8
2015/10/19, 172, 110, 95, 26, 23, 11
2015/10/20, 179, 102, 106, 39, 20, 20
2015/10/21, 174, 114, 78, 16, 11, 12
2015/10/22, 188, 128, 71, 16, 11, 11
2015/10/23, 197, 124, 72, 23, 19, 11
2015/10/24, 195, 125, 67, 19, 17, 11
2015/10/25, 212, 52, 18, 12, 5, 8
2015/10/26, 108, 41, 35, 13, 11, 4
2015/10/27, 72, 43, 26, 14, 10, 4
2015/10/28, 84, 44, 22, 11, 7, 6
2015/10/29, 106, 97, 23, 18, 17, 9
2015/10/30, 182, 76, 31, 15, 11, 6
2015/10/31, 167, 66, 39, 19, 16, 8
2015/11/1, 159, 67, 44, 21, 22, 7
2015/11/2, 157, 75, 47, 21, 23, 7
2015/11/3, 161, 63, 39, 19, 27, 7
2015/11/4, 139, 86, 17, 24, 19, 9
2015/11/5, 169, 37, 10, 12, 4, 8
2015/11/6, 96, 30, 15, 11, 5, 5
2015/11/7, 81, 47, 21, 14, 7, 8
2015/11/8, 125, 61, 38, 21, 26, 16
2015/11/9, 138, 74, 19, 19, 15, 11
2015/11/10, 163, 86, 25, 15, 5, 9
2015/11/11, 178, 85, 19, 18, 5, 11
2015/11/12, 180, 92, 24, 22, 11, 11
2015/11/13, 176, 60, 23, 24, 32, 8
2015/11/14, 133, 60, 19, 23, 29, 8
2015/11/15, 146, 63, 17, 16, 19, 8
2015/11/16, 150, 61, 11, 15, 14, 14
2015/11/17, 139, 50, 20, 15, 21, 12
2015/11/18, 121, 93, 10, 18, 18, 12
2015/11/19, 175, 82, 15, 17, 19, 12
2015/11/20, 171, 59, 13, 15, 16, 11
2015/11/21, 123, 26, 9, 17, 13, 12
2015/11/22, 58, 27, 10, 14, 9, 8
2015/11/23, 64, 33, 19, 13, 9, 8
2015/11/24, 78, 52, 23, 18, 10, 9
2015/11/25, 127, 70, 25, 22, 14, 8
2015/11/26, 144, 69, 22, 28, 24, 7
2015/11/27, 144, 88, 14, 27, 18, 10
2015/11/28, 165, 95, 19, 20, 11, 7
2015/11/29, 176, 68, 18, 24, 23, 7
2015/11/30, 147, 65, 22, 23, 18, 8
2015/12/1, 140, 81, 23, 21, 17, 7
2015/12/2, 130, 104, 26, 26, 16, 7
2015/12/3, 146, 89, 19, 29, 19, 6
2015/12/4, 119, 53, 21, 19, 6, 5
2015/12/5, 111, 61, 27, 15, 10, 5
2015/12/6, 129, 82, 21, 28, 29, 8
2015/12/7, 157, 86, 18, 23, 14, 8
2015/12/8, 170, 107, 18, 28, 21, 11
2015/12/9, 201, 104, 25, 23, 20, 9
2015/12/10, 182, 158, 27, 24, 17, 17
2015/12/11, 289, 162, 12, 24, 13, 18
2015/12/12, 288, 98, 24, 16, 14, 8
2015/12/13, 183, 100, 27, 28, 20, 12
2015/12/14, 184, 75, 31, 23, 23, 6
2015/12/15, 105, 71, 30, 21, 19, 5
2015/12/16, 91, 71, 29, 33, 30, 8
2015/12/17, 116, 91, 25, 44, 32, 12
2015/12/18, 173, 100, 28, 30, 25, 8
2015/12/19, 174, 93, 36, 22, 15, 7
2015/12/20, 176, 78, 12, 23, 12, 7
2015/12/21, 172, 95, 22, 19, 10, 9
2015/12/22, 199, 119, 25, 25, 13, 10
2015/12/23, 240, 131, 27, 26, 20, 13
2015/12/24, 245, 115, 40, 31, 25, 15
2015/12/25, 194, 113, 31, 30, 29, 12
2015/12/26, 202, 132, 15, 28, 15, 13
2015/12/27, 220, 111, 11, 20, 17, 9
2015/12/28, 192, 120, 25, 24, 18, 12
2015/12/29, 199, 153, 16, 37, 20, 17
2015/12/30, 226, , , , , 
2015/7/1, 91, 62, 89, 57, 10, 8
2015/7/2, 115, 81, 59, 12, 8, 9
2015/7/3, 138, 52, 65, 12, 15, 7
2015/7/4, 94, 65, 57, 16, 17, 8
2015/7/5, 136, 65, 89, 12, 23, 7
2015/7/6, 125, 63, 84, 13, 17, 6
2015/7/7, 105, 78, 78, 16, 17, 9
2015/7/8, 141, 79, 81, 11, 16, 8
2015/7/9, 135, 61, 81, 11, 9, 7
2015/7/10, 117, 56, 77, 9, 4, 7
2015/7/11, 109, 65, 98, 14, 6, 9
2015/7/12, 114, 91, 107, 15, 11, 10
2015/7/13, 157, 59, 101, 18, 5, 8
2015/7/14, 109, 32, 75, 10, 3, 4
2015/7/15, 70, 53, 69, 10, 5, 5
2015/7/16, 126, 76, 46, 10, 7, 9
2015/7/17, 164, 93, 77, 18, 26, 13
2015/7/18, 151, 73, 45, 19, 9, 11
2015/7/19, 128, 80, 50, 19, 7, 10
2015/7/20, 151, 91, 45, 21, 17, 10
2015/7/21, 159, 86, 46, 21, 15, 10
2015/7/22, 158, 56, 28, 13, 10, 8
2015/7/23, 105, 63, 59, 18, 17, 9
2015/7/24, 119, 63, 48, 12, 10, 11
2015/7/25, 145, 68, 44, 15, 14, 8
2015/7/26, 147, 67, 39, 16, 14, 7
2015/7/27, 145, 37, 24, 12, 13, 5
2015/7/28, 83, 49, 27, 9, 13, 5
2015/7/29, 86, 50, 30, 9, 11, 8
2015/7/30, 87, 36, 58, 13, 20, 6
2015/7/31, 84, 45, 61, 11, 26, 7
2015/8/1, 95, 41, 54, 12, 31, 6
2015/8/2, 79, 35, 33, 9, 25, 5
2015/8/3, 71, 33, 34, 10, 9, 5
2015/8/4, 68, 42, 30, 13, 11, 6
2015/8/5, 85, 47, 5, 17, 8, 7
2015/8/6, 101, 62, , 14, 8, 8
2015/8/7, 110, 66, , 11, 7, 7
2015/8/8, 138, 55, , 11, 7, 6
2015/8/9, 109, 53, , 13, 12, 7
2015/8/10, 91, 51, , 21, 9, 7
2015/8/11, 90, 51, , 22, 15, 7
2015/8/12, 127, 54, , 19, 14, 11
2015/8/13, 106, 62, , 13, 16, 8
2015/8/14, 144, 56, , 10, 11, 7
2015/8/15, 159, 74, , 16, 13, 9
2015/8/16, 163, 98, 22, 32, 16, 11
2015/8/17, 173, 63, 46, 15, 9, 7
2015/8/18, 143, 22, 44, 12, 7, 6
2015/8/19, 74, 44, 43, 25, 14, 8
2015/8/20, 92, 64, 48, 25, 15, 8
2015/8/21, 129, 77, 92, 25, 15, 9
2015/8/22, 151, 83, 82, 28, 18, 9
2015/8/23, 152, 51, 55, 15, 10, 7
2015/8/24, 110, 75, 64, 16, 14, 10
2015/8/25, 163, 74, 76, 26, 15, 10
2015/8/26, 162, 86, 165, 23, 14, 10
2015/8/27, 171, 79, 44, 21, 15, 10
2015/8/28, 162, 101, 68, 19, 14, 9
2015/8/29, 166, 88, 60, 18, 17, 9
2015/8/30, 172, 90, 65, 17, 14, 8
2015/8/31, 167, 59, 59, 13, 10, 8
2015/9/1, 129, 74, 61, 12, 9, 7
2015/9/2, 152, 66, 70, 12, 10, 7
2015/9/3, 143, 89, 57, 16, 9, 9
2015/9/4, 163, 67, 45, 14, 6, 8
2015/9/5, 160, 70, 55, 16, 9, 9
2015/9/6, 153, 77, 57, 11, 7, 8
2015/9/7, 160, 80, 73, 17, 14, 9
2015/9/8, 162, 85, 71, 17, 19, 9
2015/9/9, 161, 64, 64, 8, 12, 10
2015/9/10, 135, 49, 46, 10, 7, 7
2015/9/11, 116, 42, 51, 11, 13, 5
2015/9/12, 81, 65, 55, 19, 32, 8
2015/9/13, 130, 83, 77, 30, 36, 10
2015/9/14, 155, 92, 96, 23, 22, 8
2015/9/15, 169, 84, 96, 23, 18, 9
2015/9/16, 168, 96, 34, 21, 19, 12
2015/9/17, 184, 50, 33, 21, 16, 7
2015/9/18, 135, 61, 38, 12, 10, 7
2015/9/19, 151, 67, 74, 16, 10, 9
2015/9/20, 147, 92, 87, 22, 20, 11
2015/9/21, 172, 114, 25, 25, 26, 11
2015/9/22, 193, 91, 53, 14, 21, 9
2015/9/23, 183, 72, 35, 18, 13, 8
2015/9/24, 153, 51, 41, 13, 11, 6
2015/9/25, 137, 66, 42, 13, 14, 8
2015/9/26, 147, 83, 59, 14, 14, 9
2015/9/27, 166, 92, 72, 14, 15, 9
2015/9/28, 169, 104, 72, 12, 14, 7
2015/9/29, 183, 98, 43, 14, 13, 8
2015/9/30, 179, 74, 42, 11, 11, 3
2015/4/1, 107, 41, 99, 20, 22, 9
2015/4/2, 69, 60, 27, 18, 18, 10
2015/4/3, 125, 76, 39, 37, 17, 10
2015/4/4, 163, 82, 37, 18, 17, 11
2015/4/5, 153, 70, 29, 19, 18, 9
2015/4/6, 139, 78, 25, 16, 19, 7
2015/4/7, 154, 93, 41, 19, 25, 10
2015/4/8, 161, 85, 44, 19, 22, 8
2015/4/9, 156, 99, 51, 25, 29, 9
2015/4/10, 182, 86, 63, 21, 26, 8
2015/4/11, 146, 93, 48, 21, 26, 7
2015/4/12, 104, 82, 53, 25, 23, 6
2015/4/13, 80, 80, 67, 22, 32, 7
2015/4/14, 97, 78, 46, 25, 28, 8
2015/4/15, 139, 119, 46, 20, 31, 8
2015/4/16, 153, 154, 62, 29, 31, 11
2015/4/17, 154, 81, 38, 20, 17, 9
2015/4/18, 144, 66, 70, 20, 17, 10
2015/4/19, 136, 58, 52, 18, 24, 7
2015/4/20, 89, 84, 71, 29, 32, 9
2015/4/21, 111, 79, 69, 22, 24, 8
2015/4/22, 122, 80, 75, 22, 25, 8
2015/4/23, 123, 77, 65, 24, 26, 9
2015/4/24, 133, 99, 71, 30, 28, 11
2015/4/25, 152, 97, 82, 26, 25, 10
2015/4/26, 152, 80, 69, 21, 32, 9
2015/4/27, 151, 83, 66, 20, 21, 9
2015/4/28, 155, 102, 93, 22, 22, 10
2015/4/29, 154, 89, 98, 23, 25, 21
2015/4/30, 156, 85, 99, 20, 20, 9
2015/5/1, 149, 40, 54, 17, 19, 7
2015/5/2, 53, 66, 67, 22, 23, 9
2015/5/3, 112, 69, 43, 23, 17, 8
2015/5/4, 113, 92, 40, 22, 24, 10
2015/5/5, 162, 87, 60, 25, 26, 9
2015/5/6, 142, 83, 65, 24, 22, 10
2015/5/7, 155, 62, 75, 18, 17, 8
2015/5/8, 99, 66, 82, 23, 20, 9
2015/5/9, 98, 76, 110, 22, 34, 11
2015/5/10, 148, 74, 50, 14, 16, 5
2015/5/11, 84, 101, 52, 15, 22, 7
2015/5/12, 118, 106, 76, 17, 30, 10
2015/5/13, 167, 103, 65, 22, 23, 11
2015/5/14, 177, 85, 160, 32, 20, 8
2015/5/15, 133, 107, 117, 17, 23, 11
2015/5/16, 161, 120, 64, 25, 20, 13
2015/5/17, 187, 100, 64, 20, 19, 13
2015/5/18, 178, 111, 95, 25, 21, 13
2015/5/19, 181, 113, 94, 20, 26, 10
2015/5/20, 162, 101, 110, 18, 23, 8
2015/5/21, 149, 88, 66, 19, 24, 15
2015/5/22, 177, 76, 35, 20, 16, 9
2015/5/23, 137, 106, 110, 22, 23, 10
2015/5/24, 168, 144, 104, 21, 30, 12
2015/5/25, 221, 129, 57, 14, 17, 12
2015/5/26, 214, 86, 63, 13, 14, 12
2015/5/27, 173, 87, 45, 15, 15, 14
2015/5/28, 171, 53, 47, 11, 11, 8
2015/5/29, 120, 53, 70, 14, 17, 10
2015/5/30, 117, 76, 58, 14, 19, 10
2015/5/31, 162, 82, 28, 17, 17, 12
2015/6/1, 182, 71, 36, 9, 8, 10
2015/6/2, 163, 68, 42, 9, 7, 7
2015/6/3, 144, 63, 46, 10, 8, 7
2015/6/4, 120, 71, 44, 16, 18, 9
2015/6/5, 127, 74, 64, 17, 13, 9
2015/6/6, 114, 61, 39, 19, 8, 8
2015/6/7, 110, 69, 45, 13, 7, 7
2015/6/8, 105, 86, 44, 20, 16, 10
2015/6/9, 158, 93, 40, 16, 11, 10
2015/6/10, 168, 104, 59, 19, 15, 9
2015/6/11, 135, 113, 77, 17, 20, 9
2015/6/12, 148, 89, 75, 21, 17, 8
2015/6/13, 142, 78, 42, 16, 8, 8
2015/6/14, 162, 66, 55, 14, 8, 7
2015/6/15, 148, 59, 44, 13, 7, 9
2015/6/16, 160, 54, 43, 15, 6, 10
2015/6/17, 131, 71, 93, 15, 9, 11
2015/6/18, 150, 84, 103, 25, 13, 12
2015/6/19, 147, 89, 42, 20, 7, 10
2015/6/20, 159, 74, 51, 14, 8, 9
2015/6/21, 156, 70, 72, 15, 14, 11
2015/6/22, 149, 73, 39, 21, 9, 11
2015/6/23, 153, 67, 49, 17, 16, 12
2015/6/24, 144, 40, 41, 10, 9, 6
2015/6/25, 63, 59, 40, 18, 13, 9
2015/6/26, 106, 49, 68, 10, 7, 6
2015/6/27, 82, 41, 38, 10, 8, 6
2015/6/28, 66, 31, 34, 11, 8, 7
2015/6/29, 72, 28, 38, 11, 8, 6
2015/6/30, 69, 46, 67, 24, 12, 10
2015/1/1, 164, 126, 20, 27, 39, 17
2015/1/2, 171, 144, 33, 31, 44, 20
2015/1/3, 197, 232, 28, 38, 48, 25
2015/1/4, 237, 179, 27, 25, 44, 20
2015/1/5, 251, 130, 19, 20, 30, 20
2015/1/6, 195, 143, 31, 25, 43, 21
2015/1/7, 187, 204, 37, 29, 38, 23
2015/1/8, 230, 262, 28, 37, 42, 24
2015/1/9, 313, 209, 28, 35, 43, 26
2015/1/10, 282, 184, 36, 35, 41, 26
2015/1/11, 264, 368, 25, 28, 32, 29
2015/1/12, 363, 127, 21, 21, 27, 17
2015/1/13, 193, 159, 27, 26, 31, 24
2015/1/14, 216, 235, 16, 28, 33, 25
2015/1/15, 267, 218, 36, 29, 30, 24
2015/1/16, 220, 182, 47, 30, 53, 23
2015/1/17, 199, 160, 47, 25, 35, 24
2015/1/18, 213, 238, 34, 33, 47, 23
2015/1/19, 284, 154, 40, 34, 42, 23
2015/1/20, 218, 156, 33, 25, 32, 20
2015/1/21, 161, 113, 31, 27, 44, 22
2015/1/22, 164, 198, 31, 34, 54, 26
2015/1/23, 193, 161, 10, 32, 38, 26
2015/1/24, 230, 134, 26, 26, 31, 26
2015/1/25, 233, 159, 19, 25, 37, 26
2015/1/26, 256, 136, 13, 19, 24, 23
2015/1/27, 262, 66, 12, 17, 23, 7
2015/1/28, 161, 99, 17, 22, 31, 10
2015/1/29, 187, 108, 23, 22, 34, 11
2015/1/30, 193, 145, 26, 21, 38, 12
2015/1/31, 250, 114, 25, 21, 30, 10
2015/2/1, 197, 163, 14, 28, 34, 15
2015/2/2, 236, 184, 36, 30, 37, 14
2015/2/3, 292, 136, 41, 32, 39, 16
2015/2/4, 208, 108, 42, 29, 30, 12
2015/2/5, 173, 117, 49, 35, 38, 12
2015/2/6, 243, 134, 43, 34, 37, 11
2015/2/7, 199, 131, 36, 27, 33, 11
2015/2/8, 184, 118, 35, 32, 40, 10
2015/2/9, 181, 131, 33, 35, 35, 13
2015/2/10, 194, 138, 39, 29, 34, 14
2015/2/11, 215, 175, 45, 34, 35, 17
2015/2/12, 238, 150, 53, 33, 32, 15
2015/2/13, 262, 157, 28, 35, 35, 17
2015/2/14, 229, 137, 47, 26, 28, 14
2015/2/15, 214, 134, 29, 28, 28, 12
2015/2/16, 207, 143, 51, 26, 35, 14
2015/2/17, 196, 140, 48, 13, 25, 11
2015/2/18, 193, 105, 29, 7, 18, 8
2015/2/19, 188, 63, 103, 9, 15, 7
2015/2/20, 160, 73, 26, 14, 19, 10
2015/2/21, 166, 98, 20, 17, 24, 10
2015/2/22, 173, 144, 20, 14, 23, 12
2015/2/23, 200, 134, 21, 18, 28, 12
2015/2/24, 191, 120, 20, 20, 30, 12
2015/2/25, 181, 195, 22, 20, 28, 11
2015/2/26, 223, 78, 30, 10, 17, 7
2015/2/27, 163, 74, 27, 10, 19, 8
2015/2/28, 164, 81, 36, 16, 26, 9
2015/3/1, 164, 87, 29, 20, 32, 9
2015/3/2, 168, 271, 38, 14, 26, 12
2015/3/3, 168, 93, 37, 11, 26, 6
2015/3/4, 141, 77, 36, 8, 24, 6
2015/3/5, 143, 77, 50, 16, 29, 9
2015/3/6, 152, 89, 46, 16, 28, 8
2015/3/7, 167, 96, 63, 17, 28, 8
2015/3/8, 175, 142, 44, 21, 35, 10
2015/3/9, 197, 129, 42, 13, 30, 9
2015/3/10, 186, 115, 35, 15, 32, 11
2015/3/11, 181, 113, 43, 17, 31, 11
2015/3/12, 186, 87, 40, 21, 33, 11
2015/3/13, 162, 154, 68, 22, 34, 13
2015/3/14, 215, 193, 26, 37, 36, 17
2015/3/15, 245, 156, 34, 23, 30, 14
2015/3/16, 228, 78, 19, 15, 29, 12
2015/3/17, 145, 67, 34, 13, 24, 10
2015/3/18, 146, 78, 27, 17, 26, 9
2015/3/19, 155, 68, 39, 14, 26, 10
2015/3/20, 132, 82, 56, 26, 37, 11
2015/3/21, 128, 94, 63, 22, 39, 10
2015/3/22, 150, 122, 37, 15, 34, 8
2015/3/23, 153, 102, 62, 16, 34, 8
2015/3/24, 158, 122, 75, 22, 41, 10
2015/3/25, 163, 104, 112, 21, 26, 9
2015/3/26, 163, 97, 68, 20, 26, 10
2015/3/27, 169, 89, 62, 20, 25, 9
2015/3/28, 165, 92, 22, 30, 25, 12
2015/3/29, 166, 72, 30, 21, 22, 11
2015/3/30, 153, 101, 29, 24, 27, 11
2015/3/31, 143, 65, 39, 19, 25, 10
2014/10/1, 169, 68, 36, 13, 16, 8
2014/10/2, 158, 68, 56, 15, 17, 7
2014/10/3, 170, 89, 63, 17, 22, 8
2014/10/4, 167, 90, 54, 16, 21, 5
2014/10/5, 153, 81, 81, 14, 20, 8
2014/10/6, 197, 87, 85, 14, 25, 8
2014/10/7, 183, 92, 78, 18, 24, 9
2014/10/8, 186, 109, 91, 15, 22, 10
2014/10/9, 183, 116, 68, 13, 19, 8
2014/10/10, 216, 146, 54, 17, 17, 8
2014/10/11, 266, 115, 31, 15, 19, 7
2014/10/12, 208, 90, 29, 14, 18, 5
2014/10/13, 147, 98, 38, 21, 23, 7
2014/10/14, 181, 125, 45, 27, 30, 9
2014/10/15, 212, 146, 22, 26, 22, 10
2014/10/16, 225, 125, 30, 26, 31, 8
2014/10/17, 195, 105, 24, 26, 28, 7
2014/10/18, 195, 185, 28, 23, 21, 12
2014/10/19, 323, 62, 24, 12, 17, 7
2014/10/20, 159, 85, 42, 14, 19, 10
2014/10/21, 185, 111, 44, 17, 22, 12
2014/10/22, 193, 106, 53, 20, 24, 11
2014/10/23, 195, 109, 44, 24, 27, 12
2014/10/24, 212, 116, 43, 30, 29, 10
2014/10/25, 209, 128, 58, 28, 30, 9
2014/10/26, 203, 133, 26, 17, 20, 10
2014/10/27, 219, 69, 9, 16, 17, 6
2014/10/28, 162, 46, 19, 12, 16, 5
2014/10/29, 136, 75, 12, 16, 17, 6
2014/10/30, 174, 95, 36, 19, 22, 7
2014/10/31, 186, 77, 25, 18, 21, 5
2014/11/1, 154, 57, 24, 16, 21, 2
2014/11/2, 81, 78, 27, 21, 25, 4
2014/11/3, 104, 82, 35, 25, 29, 5
2014/11/4, 145, 72, 23, 22, 21, 5
2014/11/5, 150, 90, 20, 23, 22, 7
2014/11/6, 165, 99, 14, 21, 20, 7
2014/11/7, 185, 81, 31, 17, 19, 5
2014/11/8, 171, 71, 22, 17, 20, 4
2014/11/9, 155, 71, 21, 19, 20, 4
2014/11/10, 159, 82, 25, 21, 23, 7
2014/11/11, 162, 94, 23, 21, 25, 5
2014/11/12, 154, 80, 29, 21, 21, 6
2014/11/13, 133, 97, 38, 21, 22, 8
2014/11/14, 175, 98, 19, 18, 10, 7
2014/11/15, 176, 90, 28, 16, 12, 7
2014/11/16, 173, 102, 29, 18, 16, 8
2014/11/17, 173, 125, 37, 22, 20, 10
2014/11/18, 173, 112, 45, 21, 25, 8
2014/11/19, 167, 134, 29, 26, 25, 12
2014/11/20, 194, 149, 37, 27, 23, 14
2014/11/21, 199, 200, 24, 21, 21, 20
2014/11/22, 264, 126, 33, 17, 9, 15
2014/11/23, 215, 79, 42, 14, 8, 11
2014/11/24, 168, 108, 22, 15, 9, 12
2014/11/25, 190, 90, 24, 18, 11, 13
2014/11/26, 176, 55, 14, 13, 6, 11
2014/11/27, 130, 90, 6, 21, 19, 14
2014/11/28, 175, 78, 11, 16, 11, 16
2014/11/29, 166, 80, 16, 21, 18, 14
2014/11/30, 155, 88, 30, 18, 28, 6
2014/12/1, 122, 97, 23, 22, 31, 7
2014/12/2, 132, 100, 13, 23, 27, 7
2014/12/3, 156, 128, 24, 29, 29, 11
2014/12/4, 179, 120, 37, 30, 27, 13
2014/12/5, 174, 121, 29, 32, 38, 13
2014/12/6, 170, 126, 30, 24, 22, 9
2014/12/7, 170, 143, 31, 33, 37, 14
2014/12/8, 159, 167, 29, 17, 19, 12
2014/12/9, 193, 92, 19, 20, 18, 17
2014/12/10, 206, 143, 19, 26, 29, 16
2014/12/11, 179, 150, 28, 29, 39, 27
2014/12/12, 155, 133, 56, 32, 44, 24
2014/12/13, 175, 150, 19, 37, 48, 19
2014/12/14, 182, 142, 24, 25, 32, 16
2014/12/15, 173, 95, 30, 18, 22, 14
2014/12/16, 105, 99, 32, 28, 36, 13
2014/12/17, 151, 124, 23, 35, 38, 18
2014/12/18, 175, 162, 25, 30, 38, 18
2014/12/19, 196, 165, 41, 26, 31, 16
2014/12/20, 189, 101, 30, 22, 32, 16
2014/12/21, 154, 103, 37, 29, 38, 17
2014/12/22, 173, 114, 33, 37, 41, 19
2014/12/23, 183, 199, 30, 35, 49, 19
2014/12/24, 227, 165, 16, 34, 50, 20
2014/12/25, 233, 143, 19, 25, 34, 17
2014/12/26, 213, 126, 19, 29, 39, 18
2014/12/27, 195, 128, 32, 27, 37, 19
2014/12/28, 209, , , , , 
2014/9/25, 263, 123, 65, 20, 21, 11
2014/9/26, 299, 132, 27, 16, 19, 9
2014/9/27, 263, 112, 27, 14, 15, 4
2014/9/28, 82, 27, 39, 9, 13, 7
2014/9/29, 140, 49, 30, 11, 16, 6
2014/9/30, 170, 64, 24, 13, 16, 8
2019/12/31, , 84, , 21, 9, 9
2018/12/31, , 77, , 25, 7, 10
2017/9/10, , 73, , 15, 10, 10
2017/1/1, , 109, 21, 83, 19, 29
2016/1/3, , 251, 33, 28, 17, 21
2014/12/31, , 135, 29, 21, 34, 18
2014/7/1, , 57, , 8, 9, 
2014/7/2, , 59, , 8, 7, 
2014/7/3, , 54, , 10, 7, 
2014/7/4, , 52, , 8, 7, 
2014/7/5, , 42, , 9, 8, 
2014/7/6, , 53, , 9, 8, 
2014/7/7, , 54, , 9, 7, 
2014/7/8, , 55, , 9, 8, 
2014/7/9, , 68, , 10, 7, 
2014/7/10, , 95, , 13, 11, 
2014/7/12, , 34, , 12, 2, 
2014/7/13, , 37, , 7, 6, 
2014/7/14, , 50, , 7, 2, 
2014/7/15, , 46, , 7, 3, 
2014/7/16, , 48, , 6, 3, 
2014/7/17, , 37, , 8, 2, 
2014/7/18, , 43, , 8, 3, 
2014/7/19, , 41, , 7, 2, 
2014/7/20, , 46, , 9, 2, 
2014/7/21, , 59, , 7, 1, 
2014/7/22, , 59, , 11, , 
2014/7/26, , 47, , 7, 13, 
2014/7/27, , 67, , 10, 19, 
2014/7/28, , 68, , 8, 13, 
2014/7/29, , 58, , 7, 13, 
2014/7/30, , 45, , 7, 14, 
2014/7/31, , 44, , 8, 18, 
2014/8/1, , 55, , 9, 14, 
2014/8/5, , 53, , 12, 14, 
2014/8/6, , 55, , 8, 13, 
2014/8/7, , 42, , 8, 13, 
2014/8/8, , 54, , 7, 16, 
2014/8/9, , 62, , 10, 21, 
2014/8/10, , 45, , 9, 22, 
2014/8/11, , 34, , 9, 21, 
2014/8/12, , 22, , 9, 18, 
2014/8/13, , 29, , 9, 16, 
2014/8/14, , 59, , 18, 16, 
2014/8/20, , 61, , 14, 10, 
2014/8/21, , 81, , 20, 10, 
2014/8/22, , 74, , 15, 10, 
2014/4/1, , 67, , 16, 23, 
2014/4/2, , 60, , 14, 22, 
2014/4/3, , 67, , 13, 18, 
2014/4/4, , 77, , , , 
2014/4/6, , 55, , 13, 26, 
2014/4/7, , 59, , 11, 12, 
2014/4/8, , 69, , 10, 15, 
2014/4/9, , 54, , 16, 13, 
2014/4/10, , 53, , 10, 10, 
2014/4/11, , 29, , 9, 10, 
2014/4/12, , 32, , 12, 15, 
2014/4/13, , 67, , 10, 13, 
2014/4/14, , 77, , 12, 10, 
2014/4/15, , 68, , 8, 10, 
2014/4/16, , 69, , , , 
2014/4/19, , 54, , 10, 12, 
2014/4/20, , 73, , 10, 10, 
2014/4/21, , 57, , 10, 15, 
2014/4/22, , 65, , 10, 13, 
2014/4/23, , 68, , 13, 12, 
2014/4/24, , 80, , 9, 11, 
2014/4/25, , 51, , 9, 15, 
2014/4/26, , 46, , 9, 17, 
2014/4/27, , 74, , 14, 17, 
2014/4/28, , 87, , 16, 20, 
2014/4/29, , 79, , 7, 12, 
2014/4/30, , 73, , , , 
2014/5/10, , 40, , 7, 11, 
2014/5/11, , 44, , 14, 20, 
2014/5/12, , 86, , 18, 19, 
2014/5/13, , 185, , 9, 13, 
2014/5/14, , 53, , 13, 21, 
2014/5/15, , 55, , 20, 20, 
2014/5/16, , 204, , 11, 13, 
2014/5/17, , 47, , 12, 18, 
2014/5/18, , 65, , 17, 16, 
2014/5/19, , 147, , 16, 17, 
2014/5/20, , 149, , 17, 13, 
2014/5/21, , 204, , 11, 13, 
2014/5/22, , 65, , 12, 13, 
2014/5/23, , 78, , 11, 11, 
2014/5/24, , 106, , 10, 11, 
2014/5/25, , 109, , 12, 15, 
2014/5/26, , 125, , 11, 16, 
2014/5/27, , 71, , 19, 20, 
2014/5/28, , 97, , 23, 11, 
2014/5/29, , 123, , , , 
2014/6/1, , 44, , 13, 13, 
2014/6/2, , 80, , 12, 12, 
2014/6/3, , 79, , 11, 12, 
2014/6/4, , 67, , 10, 12, 
2014/6/5, , 71, , 15, 16, 
2014/6/6, , 82, , 14, 14, 
2014/6/7, , 65, , 17, 13, 
2014/6/8, , 91, , 16, 14, 
2014/6/9, , 95, , 14, 17, 
2014/6/10, , 84, , 13, 20, 
2014/6/11, , 121, , 16, 14, 
2014/6/12, , 112, , 16, 13, 
2014/6/13, , 74, , 11, 11, 
2014/6/14, , 57, , 10, 10, 
2014/6/15, , 54, , 11, 11, 
2014/6/16, , 48, , 9, 11, 
2014/6/17, , 72, , 9, 12, 
2014/6/18, , 57, , 9, 12, 
2014/6/19, , 69, , 7, 10, 
2014/6/20, , 64, , 7, 10, 
2014/6/21, , 53, , 11, 12, 
2014/6/22, , 70, , 13, 11, 
2014/6/23, , 78, , 8, 13, 
2014/6/24, , 46, , , , 
2014/6/28, , 48, , 11, 11, 
2014/6/29, , 56, , 10, 9, 
2014/6/30, , 53, , 10, 8, 
2014/1/1, , 68, , 24, 26, 
2014/1/2, , 73, , 19, 30, 
2014/1/3, , 54, , 22, 34, 
2014/1/4, , 62, , 28, 34, 
2014/1/5, , 68, , 27, 25, 
2014/1/6, , 81, , 22, 2, 
2014/1/7, , 86, , 19, 11, 
2014/1/8, , 57, , 22, 22, 
2014/1/9, , 59, , 23, 18, 
2014/1/10, , 63, , 15, 8, 
2014/1/11, , 50, , 18, 28, 
2014/1/12, , 50, , 23, 35, 
2014/1/13, , 50, , 23, 20, 
2014/1/14, , 82, , 23, 21, 
2014/1/15, , 78, , 17, 9, 
2014/1/16, , 86, , , , 
2014/1/19, , 71, , 17, 43, 
2014/1/20, , 62, , 20, 43, 
2014/1/21, , 52, , 19, 33, 
2014/1/22, , 46, , 18, 21, 
2014/1/23, , 40, , 16, 25, 
2014/1/24, , 38, , 24, 49, 
2014/1/25, , 65, , 21, 42, 
2014/1/26, , 67, , 27, 25, 
2014/1/27, , 85, , 21, 23, 
2014/1/28, , 82, , 14, 11, 
2014/1/29, , 63, , , , 
2014/2/5, , 25, , 11, 5, 
2014/2/6, , 29, , 10, 7, 
2014/2/7, , 25, , 10, 11, 
2014/2/8, , 44, , 8, 13, 
2014/2/9, , 54, , 8, 15, 
2014/2/10, , 42, , 11, 16, 
2014/2/11, , 39, , 11, 17, 
2014/2/12, , 48, , , , 
2014/2/18, , 24, , 13, 11, 
2014/2/19, , 41, , 14, 15, 
2014/2/20, , 44, , 19, 20, 
2014/2/21, , 42, , 13, 20, 
2014/2/22, , 54, , 16, 20, 
2014/2/23, , 63, , 13, 11, 
2014/2/24, , 71, , 9, 9, 
2014/2/25, , 61, , 11, 14, 
2014/2/26, , 58, , 12, 10, 
2014/2/27, , 56, , 7, 9, 
2014/2/28, , 37, , 11, 10, 
2014/3/1, , 44, , 14, 12, 
2014/3/2, , 70, , 12, 14, 
2014/3/3, , 62, , 13, 14, 
2014/3/4, , 61, , , , 
2014/3/6, , 55, , 11, 15, 
2014/3/7, , 47, , 10, 20, 
2014/3/8, , 54, , 15, 19, 
2014/3/9, , 66, , 15, 20, 
2014/3/10, , 60, , 12, 14, 
2014/3/11, , 83, , 12, 14, 
2014/3/12, , 73, , 11, 16, 
2014/3/13, , 44, , 16, 20, 
2014/3/14, , 51, , 12, 16, 
2014/3/15, , 52, , 16, 19, 
2014/3/16, , 57, , 19, 17, 
2014/3/17, , 91, , 17, 13, 
2014/3/18, , 88, , 13, 16, 
2014/3/19, , 78, , 12, 17, 
2014/3/20, , 50, , 18, 19, 
2014/3/21, , 65, , 16, 17, 
2014/3/22, , 57, , 13, 14, 
2014/3/23, , 61, , 11, 10, 
2014/3/24, , 60, , 12, 14, 
2014/3/25, , 78, , 14, 15, 
2014/3/26, , 64, , 11, 14, 
2014/3/27, , 75, , 9, 14, 
2014/3/28, , 65, , 12, 17, 
2014/3/29, , 90, , 14, 17, 
2014/3/30, , 83, , 9, 15, 
2014/3/31, , 69, , 13, 24, 
2014/9/24, , , 57, , , 12
2018/12/26, , , , 25, 4, 10
2014/4/5, , , , 14, 15, 
2014/4/18, , , , 7, 10, 
2014/5/9, , , , 8, 11, 
2014/5/31, , , , 11, 12, 
2014/6/27, , , , 6, 9, 
2013/12/31, , , , 25, 24, 
2014/1/18, , , , 26, 38, 
2014/2/4, , , , 8, 6, 
2014/2/17, , , , 9, 6, 
2014/3/5, , , , 9, 12, 